project_id,project_type,county,nca_contractor_grade,budget_ksh,planned_duration_days,completed_milestones_count,total_milestones_count,current_delay_days,delayed,cost_overrun_pct
PROJ-KE-0001,Residential,Nairobi,NCA 4,110564733.03,194,11,13,0,0,2.54
PROJ-KE-0002,Commercial,Uasin Gishu,NCA 1,207917353.86,706,1,3,0,0,0.0
PROJ-KE-0003,Residential,Kajiado,NCA 5,948883079.71,804,5,9,32,1,39.79
PROJ-KE-0004,Commercial,Kisumu,NCA 2,53926623.34,360,1,15,0,0,0.0
PROJ-KE-0005,Residential,Meru,NCA 5,52259441.24,723,3,8,0,1,14.55
PROJ-KE-0006,Commercial,Kilifi,NCA 6,138319531.4,479,7,7,0,0,2.28
PROJ-KE-0007,Commercial,Kajiado,NCA 4,89764256.78,740,4,5,0,0,1.96
PROJ-KE-0008,Civil Works,Kilifi,NCA 4,295146031.89,953,1,15,9,1,8.08
PROJ-KE-0009,Industrial,Nyeri,NCA 1,34509173.44,601,7,9,22,0,3.13
PROJ-KE-0010,Commercial,Kericho,NCA 6,54773458.76,231,7,11,11,0,1.76
PROJ-KE-0011,Commercial,Kericho,NCA 3,63752585.14,484,9,9,0,0,0.47
PROJ-KE-0012,Industrial,Nairobi,NCA 4,706587584.35,858,5,7,60,1,16.22
PROJ-KE-0013,Commercial,Kajiado,NCA 8,120513503.37,198,4,13,0,0,0.2
PROJ-KE-0014,Residential,Machakos,NCA 3,104170034.88,887,0,11,0,0,1.25
PROJ-KE-0015,Residential,Meru,NCA 1,118336869.29,170,3,4,0,0,3.03
PROJ-KE-0016,Commercial,Laikipia,NCA 7,88268614.19,259,6,7,0,1,27.77
PROJ-KE-0017,Infrastructure,Murang'a,NCA 8,45367828.26,755,7,8,0,1,7.11
PROJ-KE-0018,Commercial,Kilifi,NCA 3,142073432.92,97,0,4,120,1,33.97
PROJ-KE-0019,Commercial,Laikipia,NCA 1,133653927.41,225,14,14,0,0,0.68
PROJ-KE-0020,Residential,Kericho,NCA 1,307905555.91,523,7,9,0,0,3.26
PROJ-KE-0021,Residential,Mombasa,NCA 2,193969694.79,437,3,15,29,0,1.01
PROJ-KE-0022,Commercial,Bungoma,NCA 1,342044813.42,972,1,11,74,0,3.23
PROJ-KE-0023,Industrial,Kilifi,NCA 1,7188465.1,587,3,10,0,0,0.68
PROJ-KE-0024,Commercial,Murang'a,NCA 2,143361679.39,523,11,14,0,0,0.0
PROJ-KE-0025,Commercial,Meru,NCA 1,56186583.44,149,11,12,0,0,0.69
PROJ-KE-0026,Residential,Machakos,NCA 1,10426326.74,160,1,12,0,0,1.27
PROJ-KE-0027,Industrial,Kilifi,NCA 3,198011821.02,130,1,12,79,1,21.51
PROJ-KE-0028,Infrastructure,Nyeri,NCA 1,71340549.94,495,5,5,0,0,2.12
PROJ-KE-0029,Industrial,Nairobi,NCA 3,2500000000.0,165,3,11,0,0,2.14
PROJ-KE-0030,Commercial,Kilifi,NCA 2,246327686.32,251,8,10,0,0,0.0
PROJ-KE-0031,Infrastructure,Nairobi,NCA 4,7892503.82,196,2,5,18,0,1.16
PROJ-KE-0032,Commercial,Uasin Gishu,NCA 4,53932510.17,298,10,13,0,0,1.16
PROJ-KE-0033,Industrial,Mombasa,NCA 1,45964974.29,93,2,8,0,0,1.01
PROJ-KE-0034,Residential,Kericho,NCA 3,774373695.19,204,1,4,0,0,0.0
PROJ-KE-0035,Commercial,Kiambu,NCA 1,17175492.76,1085,2,3,36,1,30.61
PROJ-KE-0036,Residential,Kericho,NCA 8,107286939.91,332,1,5,0,0,3.62
PROJ-KE-0037,Commercial,Kericho,NCA 5,146717464.25,974,12,14,25,1,36.28
PROJ-KE-0038,Industrial,Kilifi,NCA 1,61945558.13,1030,5,10,106,1,37.38
PROJ-KE-0039,Residential,Kajiado,NCA 6,58444313.04,1080,8,15,70,0,3.69
PROJ-KE-0040,Residential,Nairobi,NCA 1,226825456.09,1075,0,7,60,1,22.41
PROJ-KE-0041,Infrastructure,Kericho,NCA 4,33245102.46,680,2,6,60,1,11.06
PROJ-KE-0042,Industrial,Uasin Gishu,NCA 2,538485602.09,428,5,12,0,0,3.48
PROJ-KE-0043,Residential,Kericho,NCA 2,666003502.08,803,2,7,90,1,43.79
PROJ-KE-0044,Residential,Meru,NCA 2,55919383.12,943,2,3,60,1,21.63
PROJ-KE-0045,Residential,Uasin Gishu,NCA 3,21898063.59,902,5,15,0,0,3.37
PROJ-KE-0046,Residential,Kisumu,NCA 5,109652524.15,320,6,15,10,0,1.26
PROJ-KE-0047,Infrastructure,Kisumu,NCA 3,422549725.56,997,9,13,94,1,19.27
PROJ-KE-0048,Infrastructure,Nakuru,NCA 5,242735945.96,314,5,5,0,0,1.55
PROJ-KE-0049,Infrastructure,Bungoma,NCA 1,25631595.71,662,5,12,0,0,2.8
PROJ-KE-0050,Infrastructure,Kericho,NCA 5,38185541.4,651,2,10,0,0,1.38
PROJ-KE-0051,Commercial,Kajiado,NCA 5,20385912.57,371,1,10,0,0,1.33
PROJ-KE-0052,Industrial,Kisumu,NCA 1,318933962.46,326,2,9,0,0,1.8
PROJ-KE-0053,Residential,Kericho,NCA 1,195912741.99,878,11,12,117,1,41.96
PROJ-KE-0054,Residential,Nairobi,NCA 7,75618689.28,1003,8,9,0,1,23.02
PROJ-KE-0055,Residential,Kilifi,NCA 3,88745526.73,488,6,8,0,0,3.01
PROJ-KE-0056,Civil Works,Nairobi,NCA 6,11183802.76,696,10,12,87,1,19.7
PROJ-KE-0057,Commercial,Nyeri,NCA 1,307808668.67,424,6,8,111,1,31.62
PROJ-KE-0058,Infrastructure,Mombasa,NCA 8,318007700.44,448,5,6,88,1,21.96
PROJ-KE-0059,Infrastructure,Kiambu,NCA 1,116733456.47,574,1,13,0,0,3.48
PROJ-KE-0060,Infrastructure,Machakos,NCA 4,696051450.98,886,2,5,8,0,2.97
PROJ-KE-0061,Industrial,Murang'a,NCA 2,54895765.51,822,0,6,0,0,0.22
PROJ-KE-0062,Infrastructure,Meru,NCA 6,66170785.51,669,1,15,59,1,32.73
PROJ-KE-0063,Commercial,Nyeri,NCA 1,31930797.86,533,7,8,0,0,0.0
PROJ-KE-0064,Civil Works,Kajiado,NCA 4,233777815.68,1031,7,11,0,1,15.64
PROJ-KE-0065,Commercial,Kisumu,NCA 2,25926184.58,551,6,6,0,0,0.26
PROJ-KE-0066,Commercial,Nyeri,NCA 1,179536959.46,438,4,7,0,0,0.23
PROJ-KE-0067,Commercial,Kericho,NCA 3,99783223.99,866,5,6,0,0,0.0
PROJ-KE-0068,Commercial,Meru,NCA 1,75000529.67,685,7,8,0,0,0.0
PROJ-KE-0069,Residential,Kakamega,NCA 4,2500000000.0,367,4,7,97,1,32.38
PROJ-KE-0070,Infrastructure,Machakos,NCA 1,190770377.24,846,4,10,0,0,0.93
PROJ-KE-0071,Commercial,Nakuru,NCA 5,78192662.92,399,1,3,11,1,24.36
PROJ-KE-0072,Infrastructure,Kiambu,NCA 4,109320520.15,102,4,12,0,0,0.31
PROJ-KE-0073,Commercial,Laikipia,NCA 1,143223949.36,156,7,9,85,1,40.27
PROJ-KE-0074,Industrial,Kisumu,NCA 8,57410615.97,211,6,11,0,0,0.16
PROJ-KE-0075,Residential,Bungoma,NCA 6,67739466.32,529,0,7,0,1,29.42
PROJ-KE-0076,Industrial,Uasin Gishu,NCA 4,103452239.92,335,4,5,5,0,0.0
PROJ-KE-0077,Residential,Mombasa,NCA 1,293568740.26,813,7,7,34,1,29.03
PROJ-KE-0078,Infrastructure,Uasin Gishu,NCA 2,40948692.59,647,5,6,39,0,0.69
PROJ-KE-0079,Commercial,Meru,NCA 3,365418217.02,539,3,4,0,0,0.09
PROJ-KE-0080,Residential,Laikipia,NCA 2,7077491.13,702,3,3,0,0,0.99
PROJ-KE-0081,Commercial,Nairobi,NCA 8,69291757.37,131,5,15,0,0,0.0
PROJ-KE-0082,Commercial,Kericho,NCA 4,12286878.16,593,3,4,47,1,15.01
PROJ-KE-0083,Residential,Laikipia,NCA 2,180058819.89,1057,8,9,16,0,2.42
PROJ-KE-0084,Civil Works,Murang'a,NCA 6,111120229.16,980,7,11,29,1,25.01
PROJ-KE-0085,Residential,Laikipia,NCA 4,113895131.96,652,2,5,94,1,30.4
PROJ-KE-0086,Commercial,Kilifi,NCA 4,100515467.41,507,1,4,0,0,2.63
PROJ-KE-0087,Commercial,Kiambu,NCA 3,54055257.69,823,4,7,66,1,29.79
PROJ-KE-0088,Residential,Kiambu,NCA 6,96876555.2,372,13,15,105,1,24.83
PROJ-KE-0089,Commercial,Laikipia,NCA 6,97163354.16,547,7,11,75,1,43.28
PROJ-KE-0090,Industrial,Kilifi,NCA 3,33800763.68,329,13,15,100,1,27.58
PROJ-KE-0091,Civil Works,Kiambu,NCA 3,169535402.63,127,4,5,0,0,1.8
PROJ-KE-0092,Infrastructure,Nakuru,NCA 3,16998421.73,509,2,13,105,1,47.48
PROJ-KE-0093,Commercial,Murang'a,NCA 4,439252073.15,969,6,11,0,0,0.0
PROJ-KE-0094,Residential,Mombasa,NCA 4,18012149.87,330,10,13,0,0,1.16
PROJ-KE-0095,Residential,Nakuru,NCA 5,92453269.75,260,4,14,0,0,3.76
PROJ-KE-0096,Commercial,Kakamega,NCA 2,199208615.59,340,6,11,0,0,0.32
PROJ-KE-0097,Commercial,Murang'a,NCA 4,126108217.2,236,3,6,0,1,20.17
PROJ-KE-0098,Infrastructure,Bungoma,NCA 6,79466929.81,542,4,8,0,0,0.19
PROJ-KE-0099,Infrastructure,Uasin Gishu,NCA 8,164241698.03,963,1,10,78,1,35.88
PROJ-KE-0100,Commercial,Murang'a,NCA 2,235834633.81,669,12,13,0,0,1.82
PROJ-KE-0101,Residential,Meru,NCA 5,141676175.64,314,3,13,0,1,27.37
PROJ-KE-0102,Infrastructure,Kiambu,NCA 4,448390332.21,406,14,15,51,0,1.13
PROJ-KE-0103,Commercial,Kericho,NCA 1,64464733.0,225,11,15,0,0,0.0
PROJ-KE-0104,Commercial,Laikipia,NCA 7,54906667.93,913,3,4,0,1,9.64
PROJ-KE-0105,Civil Works,Murang'a,NCA 7,159112064.43,899,0,9,20,1,22.01
PROJ-KE-0106,Infrastructure,Kajiado,NCA 3,378621218.79,200,3,13,0,0,0.0
PROJ-KE-0107,Commercial,Kilifi,NCA 4,15228810.49,740,4,10,0,0,1.51
PROJ-KE-0108,Commercial,Laikipia,NCA 1,124786709.81,487,5,10,0,0,1.04
PROJ-KE-0109,Residential,Kiambu,NCA 6,5978079.93,760,3,4,0,1,27.78
PROJ-KE-0110,Commercial,Bungoma,NCA 7,75282679.61,965,1,8,0,0,3.59
PROJ-KE-0111,Residential,Mombasa,NCA 2,135730988.25,958,1,10,0,0,0.0
PROJ-KE-0112,Commercial,Nyeri,NCA 1,30774956.24,218,6,15,102,1,42.03
PROJ-KE-0113,Commercial,Kiambu,NCA 5,63550698.92,700,2,3,0,0,1.82
PROJ-KE-0114,Commercial,Machakos,NCA 1,165793974.2,456,7,15,0,0,2.37
PROJ-KE-0115,Commercial,Kericho,NCA 3,118840484.91,853,3,4,51,0,1.14
PROJ-KE-0116,Residential,Mombasa,NCA 4,474891774.69,398,10,10,0,0,2.79
PROJ-KE-0117,Residential,Nakuru,NCA 3,180462840.82,1021,1,10,0,0,1.96
PROJ-KE-0118,Commercial,Nyeri,NCA 2,47625657.91,607,6,12,94,1,18.18
PROJ-KE-0119,Infrastructure,Uasin Gishu,NCA 2,278823586.98,937,6,10,17,0,0.7
PROJ-KE-0120,Commercial,Kiambu,NCA 4,282631461.25,575,0,4,0,0,1.57
PROJ-KE-0121,Infrastructure,Kiambu,NCA 3,28942834.35,427,1,13,116,1,38.56
PROJ-KE-0122,Infrastructure,Mombasa,NCA 7,43921985.08,681,3,11,66,1,19.0
PROJ-KE-0123,Commercial,Kakamega,NCA 1,92858069.87,529,9,11,0,0,0.98
PROJ-KE-0124,Industrial,Kajiado,NCA 1,87203597.8,369,12,14,48,0,1.96
PROJ-KE-0125,Commercial,Murang'a,NCA 1,90257920.16,183,8,14,58,0,0.36
PROJ-KE-0126,Commercial,Nyeri,NCA 5,132444683.96,671,1,12,0,1,6.64
PROJ-KE-0127,Commercial,Bungoma,NCA 4,573552334.84,587,7,12,32,0,0.46
PROJ-KE-0128,Residential,Meru,NCA 4,31834250.03,405,1,3,81,1,14.91
PROJ-KE-0129,Commercial,Uasin Gishu,NCA 5,118230927.94,212,3,3,0,0,1.86
PROJ-KE-0130,Infrastructure,Kakamega,NCA 1,308780739.34,972,0,14,63,1,30.3
PROJ-KE-0131,Residential,Kericho,NCA 2,34779157.81,504,2,3,84,0,1.77
PROJ-KE-0132,Residential,Kericho,NCA 5,115776118.12,626,3,4,0,1,29.61
PROJ-KE-0133,Commercial,Machakos,NCA 1,40293705.74,288,11,15,109,1,37.2
PROJ-KE-0134,Commercial,Nakuru,NCA 1,183941860.42,868,2,15,103,1,36.02
PROJ-KE-0135,Residential,Bungoma,NCA 4,385706140.69,729,5,8,13,0,0.0
PROJ-KE-0136,Infrastructure,Mombasa,NCA 2,150422849.75,165,7,7,0,0,2.19
PROJ-KE-0137,Commercial,Kisumu,NCA 4,28452334.88,657,1,15,108,1,34.66
PROJ-KE-0138,Commercial,Laikipia,NCA 3,384381409.37,920,1,8,0,0,1.73
PROJ-KE-0139,Residential,Bungoma,NCA 3,241017173.9,714,2,5,41,0,2.88
PROJ-KE-0140,Infrastructure,Mombasa,NCA 5,82929200.96,186,10,11,37,1,32.58
PROJ-KE-0141,Infrastructure,Kiambu,NCA 2,60907192.16,448,6,7,95,1,45.45
PROJ-KE-0142,Commercial,Murang'a,NCA 4,80435620.79,809,10,14,0,1,8.08
PROJ-KE-0143,Infrastructure,Kakamega,NCA 1,37281533.41,439,15,15,22,1,12.31
PROJ-KE-0144,Commercial,Nakuru,NCA 3,16114056.42,629,2,3,0,0,0.0
PROJ-KE-0145,Commercial,Machakos,NCA 5,36281471.05,879,12,12,0,1,17.02
PROJ-KE-0146,Infrastructure,Bungoma,NCA 4,76069906.39,860,12,14,73,1,38.18
PROJ-KE-0147,Industrial,Uasin Gishu,NCA 2,2422304646.29,1059,7,12,0,0,2.64
PROJ-KE-0148,Residential,Machakos,NCA 5,133195062.82,346,3,3,0,0,0.54
PROJ-KE-0149,Infrastructure,Nakuru,NCA 2,89736450.27,871,2,5,70,1,43.23
PROJ-KE-0150,Commercial,Bungoma,NCA 6,302813079.27,1042,3,3,69,1,14.59
PROJ-KE-0151,Commercial,Nyeri,NCA 7,251703600.06,949,10,14,23,1,34.68
PROJ-KE-0152,Infrastructure,Kiambu,NCA 5,229349338.25,570,9,10,15,1,11.43
PROJ-KE-0153,Industrial,Kericho,NCA 1,119596416.76,385,2,6,35,0,2.49
PROJ-KE-0154,Residential,Nakuru,NCA 5,24465834.19,737,9,11,23,1,16.91
PROJ-KE-0155,Commercial,Kakamega,NCA 1,23322186.15,177,5,11,72,1,30.15
PROJ-KE-0156,Infrastructure,Nairobi,NCA 2,20270342.15,1094,4,8,0,0,0.85
PROJ-KE-0157,Commercial,Nakuru,NCA 5,153775172.36,842,10,15,50,0,0.42
PROJ-KE-0158,Commercial,Bungoma,NCA 8,50913233.69,228,3,4,30,1,9.45
PROJ-KE-0159,Commercial,Mombasa,NCA 2,69320512.63,924,7,11,101,1,36.45
PROJ-KE-0160,Commercial,Mombasa,NCA 6,79827866.35,466,6,9,0,0,2.37
PROJ-KE-0161,Civil Works,Laikipia,NCA 4,52203180.84,466,8,15,0,0,0.6
PROJ-KE-0162,Residential,Machakos,NCA 3,87564572.27,766,4,7,96,1,28.66
PROJ-KE-0163,Infrastructure,Kakamega,NCA 2,73757491.16,719,4,9,0,0,1.33
PROJ-KE-0164,Infrastructure,Murang'a,NCA 2,72672522.61,910,10,14,8,1,31.58
PROJ-KE-0165,Commercial,Kisumu,NCA 1,390424068.84,750,5,8,77,1,27.55
PROJ-KE-0166,Residential,Bungoma,NCA 5,124518709.79,677,4,5,45,1,13.24
PROJ-KE-0167,Infrastructure,Laikipia,NCA 3,51947641.65,1025,1,11,38,1,28.99
PROJ-KE-0168,Infrastructure,Laikipia,NCA 1,48667233.88,228,3,4,96,1,37.1
PROJ-KE-0169,Infrastructure,Nyeri,NCA 4,128818690.16,816,4,4,0,1,28.49
PROJ-KE-0170,Industrial,Machakos,NCA 5,24683092.12,610,0,6,0,0,0.14
PROJ-KE-0171,Residential,Kakamega,NCA 3,24855834.16,654,4,5,0,1,7.17
PROJ-KE-0172,Residential,Laikipia,NCA 3,141584105.17,165,2,5,0,0,0.0
PROJ-KE-0173,Commercial,Machakos,NCA 5,189546959.42,222,8,9,0,0,1.46
PROJ-KE-0174,Commercial,Machakos,NCA 1,237742039.82,1060,4,11,0,0,1.19
PROJ-KE-0175,Residential,Kiambu,NCA 4,594856515.84,719,1,11,0,1,10.09
PROJ-KE-0176,Infrastructure,Nyeri,NCA 5,1311609174.28,667,0,3,87,1,20.66
PROJ-KE-0177,Residential,Nairobi,NCA 3,42595559.03,732,4,11,0,0,2.26
PROJ-KE-0178,Infrastructure,Murang'a,NCA 2,158023694.53,540,7,9,0,0,0.75
PROJ-KE-0179,Industrial,Nyeri,NCA 4,190253271.02,971,6,8,52,1,18.18
PROJ-KE-0180,Commercial,Bungoma,NCA 1,102621863.61,189,2,3,0,0,0.02
PROJ-KE-0181,Civil Works,Machakos,NCA 5,625459317.98,284,5,15,0,0,0.0
PROJ-KE-0182,Commercial,Nairobi,NCA 1,95029762.55,492,7,11,0,0,2.57
PROJ-KE-0183,Commercial,Laikipia,NCA 3,290674817.67,382,0,11,0,0,0.0
PROJ-KE-0184,Infrastructure,Murang'a,NCA 2,307549863.94,500,1,3,41,1,34.33
PROJ-KE-0185,Commercial,Nakuru,NCA 1,204008048.53,189,5,9,0,0,4.21
PROJ-KE-0186,Infrastructure,Uasin Gishu,NCA 4,81813356.09,129,5,5,65,1,28.64
PROJ-KE-0187,Commercial,Kiambu,NCA 2,62974079.93,721,13,14,48,0,0.0
PROJ-KE-0188,Residential,Meru,NCA 3,101358271.74,107,5,8,0,0,0.95
PROJ-KE-0189,Infrastructure,Nairobi,NCA 3,91267007.64,1085,7,15,0,1,24.26
PROJ-KE-0190,Commercial,Murang'a,NCA 1,95233209.28,1060,1,14,61,0,0.87
PROJ-KE-0191,Infrastructure,Kericho,NCA 3,203942109.84,716,0,10,0,0,0.97
PROJ-KE-0192,Civil Works,Laikipia,NCA 3,81118197.12,1024,5,11,0,1,27.3
PROJ-KE-0193,Industrial,Kajiado,NCA 4,149139969.65,661,3,7,0,0,3.76
PROJ-KE-0194,Infrastructure,Laikipia,NCA 2,86077701.29,447,11,11,20,0,0.36
PROJ-KE-0195,Industrial,Murang'a,NCA 5,867314062.72,387,2,3,0,0,4.19
PROJ-KE-0196,Infrastructure,Laikipia,NCA 1,396383128.43,937,4,11,0,0,0.43
PROJ-KE-0197,Residential,Kilifi,NCA 1,53074664.84,743,0,6,47,0,1.06
PROJ-KE-0198,Infrastructure,Nairobi,NCA 7,63031482.13,1091,3,5,0,1,26.47
PROJ-KE-0199,Infrastructure,Meru,NCA 2,42736208.99,751,0,3,0,0,3.64
PROJ-KE-0200,Industrial,Mombasa,NCA 6,333763452.49,270,3,3,0,1,11.15
PROJ-KE-0201,Infrastructure,Meru,NCA 6,511081971.26,199,4,8,0,0,0.05
PROJ-KE-0202,Industrial,Kiambu,NCA 6,34803295.92,569,3,7,0,0,3.33
PROJ-KE-0203,Residential,Machakos,NCA 1,64218882.15,780,6,15,114,1,37.48
PROJ-KE-0204,Residential,Kericho,NCA 3,498178272.8,279,3,5,36,1,8.83
PROJ-KE-0205,Residential,Bungoma,NCA 5,287096365.19,830,0,12,51,1,32.96
PROJ-KE-0206,Commercial,Nakuru,NCA 3,288881327.07,1035,12,14,20,1,28.08
PROJ-KE-0207,Industrial,Kakamega,NCA 4,122529473.52,246,9,10,94,1,32.52
PROJ-KE-0208,Residential,Uasin Gishu,NCA 5,54592869.71,896,4,4,95,1,26.44
PROJ-KE-0209,Industrial,Nakuru,NCA 1,27764091.66,676,2,11,114,1,33.57
PROJ-KE-0210,Commercial,Uasin Gishu,NCA 4,8346486.72,546,1,15,0,0,0.0
PROJ-KE-0211,Commercial,Bungoma,NCA 4,96956638.86,405,0,14,109,1,18.31
PROJ-KE-0212,Residential,Kisumu,NCA 3,109994339.28,151,3,4,57,1,31.87
PROJ-KE-0213,Infrastructure,Kericho,NCA 2,194459742.85,1002,7,9,0,1,27.53
PROJ-KE-0214,Infrastructure,Kiambu,NCA 4,56857806.85,446,1,4,0,0,1.69
PROJ-KE-0215,Civil Works,Nairobi,NCA 5,407667121.96,826,6,11,0,0,1.7
PROJ-KE-0216,Commercial,Kajiado,NCA 1,48132514.95,986,12,14,108,1,46.7
PROJ-KE-0217,Industrial,Kilifi,NCA 1,26672417.28,193,0,12,91,1,38.54
PROJ-KE-0218,Residential,Kilifi,NCA 3,75309385.93,862,1,15,42,1,28.21
PROJ-KE-0219,Residential,Nyeri,NCA 1,1547958438.07,987,5,5,0,0,1.82
PROJ-KE-0220,Residential,Machakos,NCA 4,30717860.28,1085,6,8,0,1,15.52
PROJ-KE-0221,Residential,Kiambu,NCA 2,197613257.41,336,2,6,0,0,2.23
PROJ-KE-0222,Commercial,Kericho,NCA 7,310607554.33,660,2,11,37,1,39.13
PROJ-KE-0223,Infrastructure,Kisumu,NCA 3,567738499.06,939,0,6,91,1,16.5
PROJ-KE-0224,Infrastructure,Uasin Gishu,NCA 3,87847589.38,980,4,8,0,1,36.75
PROJ-KE-0225,Commercial,Laikipia,NCA 6,142031802.51,802,11,12,35,0,0.37
PROJ-KE-0226,Residential,Kakamega,NCA 2,22305736.41,567,3,4,0,0,0.77
PROJ-KE-0227,Commercial,Mombasa,NCA 3,224906184.47,316,2,14,75,1,26.28
PROJ-KE-0228,Commercial,Nyeri,NCA 1,57701440.5,673,3,6,0,0,0.73
PROJ-KE-0229,Infrastructure,Laikipia,NCA 7,45039958.72,262,12,14,22,0,0.88
PROJ-KE-0230,Industrial,Mombasa,NCA 3,27644702.42,949,0,4,0,0,2.71
PROJ-KE-0231,Commercial,Kiambu,NCA 1,33965922.05,722,10,13,0,0,3.08
PROJ-KE-0232,Commercial,Kericho,NCA 1,43240311.76,632,4,14,0,0,2.92
PROJ-KE-0233,Infrastructure,Kericho,NCA 5,175233364.88,188,2,11,84,1,30.77
PROJ-KE-0234,Infrastructure,Kajiado,NCA 5,1562973711.97,560,3,12,0,1,12.45
PROJ-KE-0235,Infrastructure,Kisumu,NCA 4,387003253.05,185,6,9,65,1,13.35
PROJ-KE-0236,Commercial,Machakos,NCA 1,286592055.43,429,1,12,0,0,2.15
PROJ-KE-0237,Industrial,Laikipia,NCA 2,71002896.84,1036,2,4,0,0,1.05
PROJ-KE-0238,Industrial,Nyeri,NCA 1,129357657.85,930,13,14,14,0,0.61
PROJ-KE-0239,Residential,Murang'a,NCA 4,472048117.81,643,6,8,0,1,28.9
PROJ-KE-0240,Residential,Kakamega,NCA 1,1713602379.94,537,6,6,82,1,26.29
PROJ-KE-0241,Infrastructure,Nairobi,NCA 4,5577682.66,892,7,10,75,1,34.93
PROJ-KE-0242,Infrastructure,Kisumu,NCA 5,68257175.54,392,7,15,0,0,1.63
PROJ-KE-0243,Infrastructure,Kiambu,NCA 4,85863807.36,95,7,7,39,1,12.27
PROJ-KE-0244,Commercial,Kericho,NCA 2,34042774.49,116,2,4,0,0,0.0
PROJ-KE-0245,Industrial,Nairobi,NCA 2,32522112.48,487,2,15,0,0,0.0
PROJ-KE-0246,Commercial,Machakos,NCA 4,171512940.49,364,2,10,60,1,20.11
PROJ-KE-0247,Commercial,Kisumu,NCA 2,655298137.97,597,9,12,18,0,1.32
PROJ-KE-0248,Residential,Murang'a,NCA 5,120261883.88,427,5,10,110,1,20.49
PROJ-KE-0249,Commercial,Uasin Gishu,NCA 3,8820476.25,271,5,9,93,1,40.11
PROJ-KE-0250,Commercial,Kajiado,NCA 5,10516197.09,492,1,8,0,1,10.94
PROJ-KE-0251,Infrastructure,Nairobi,NCA 7,2500000000.0,562,3,14,42,1,37.18
PROJ-KE-0252,Infrastructure,Laikipia,NCA 1,72831491.16,400,2,6,0,0,0.0
PROJ-KE-0253,Commercial,Laikipia,NCA 3,7590310.04,980,6,14,0,0,1.56
PROJ-KE-0254,Industrial,Kisumu,NCA 1,36182847.81,344,10,13,87,1,34.99
PROJ-KE-0255,Residential,Nyeri,NCA 7,39649717.24,530,0,4,33,0,1.08
PROJ-KE-0256,Residential,Kilifi,NCA 2,21855010.41,692,8,14,8,0,0.0
PROJ-KE-0257,Industrial,Kisumu,NCA 1,120661410.86,1053,2,14,48,0,1.48
PROJ-KE-0258,Residential,Laikipia,NCA 1,85963814.87,158,0,7,0,0,3.39
PROJ-KE-0259,Residential,Machakos,NCA 6,507244261.44,848,4,6,25,1,22.75
PROJ-KE-0260,Infrastructure,Machakos,NCA 1,326797800.31,763,6,9,83,1,27.48
PROJ-KE-0261,Commercial,Uasin Gishu,NCA 1,44952433.55,860,12,14,0,0,0.0
PROJ-KE-0262,Residential,Kakamega,NCA 2,43879678.55,973,8,10,0,0,0.62
PROJ-KE-0263,Residential,Nakuru,NCA 2,324313396.66,955,9,10,91,1,34.38
PROJ-KE-0264,Commercial,Kiambu,NCA 2,41036740.53,334,1,7,93,1,33.98
PROJ-KE-0265,Residential,Kericho,NCA 1,272575490.27,740,11,11,0,0,0.81
PROJ-KE-0266,Commercial,Meru,NCA 1,64441510.04,144,0,8,0,0,1.7
PROJ-KE-0267,Residential,Laikipia,NCA 2,329025896.46,593,7,9,0,0,1.39
PROJ-KE-0268,Infrastructure,Meru,NCA 1,126518901.66,889,9,10,0,0,1.39
PROJ-KE-0269,Commercial,Nakuru,NCA 2,23954766.44,646,8,8,0,0,1.82
PROJ-KE-0270,Residential,Kericho,NCA 1,284219726.81,394,3,3,115,1,43.45
PROJ-KE-0271,Residential,Nakuru,NCA 5,129523909.16,692,5,14,0,1,25.14
PROJ-KE-0272,Residential,Kiambu,NCA 5,251735520.08,673,8,8,73,0,3.25
PROJ-KE-0273,Commercial,Kajiado,NCA 7,1980195154.78,616,13,13,101,1,47.85
PROJ-KE-0274,Industrial,Kiambu,NCA 4,7869006.06,225,1,6,0,0,0.0
PROJ-KE-0275,Infrastructure,Laikipia,NCA 1,34752401.43,474,1,10,0,0,1.68
PROJ-KE-0276,Residential,Kajiado,NCA 4,75312341.85,988,7,8,0,0,1.29
PROJ-KE-0277,Infrastructure,Kisumu,NCA 4,19529131.88,456,4,4,59,1,38.12
PROJ-KE-0278,Residential,Nyeri,NCA 5,47408277.94,669,5,10,0,1,30.15
PROJ-KE-0279,Commercial,Bungoma,NCA 1,204418502.39,557,3,3,93,1,44.31
PROJ-KE-0280,Industrial,Meru,NCA 1,259904174.58,760,4,8,90,1,43.83
PROJ-KE-0281,Commercial,Murang'a,NCA 4,79989254.55,529,1,13,0,0,2.91
PROJ-KE-0282,Commercial,Kilifi,NCA 3,109268945.4,545,0,3,0,0,0.0
PROJ-KE-0283,Residential,Kiambu,NCA 3,115926986.92,915,0,4,117,1,26.58
PROJ-KE-0284,Residential,Kiambu,NCA 4,88660729.29,666,1,3,97,1,21.73
PROJ-KE-0285,Infrastructure,Kericho,NCA 4,49354914.21,1008,1,4,0,1,24.46
PROJ-KE-0286,Residential,Kericho,NCA 2,200599332.66,176,4,6,0,0,0.98
PROJ-KE-0287,Industrial,Nairobi,NCA 5,41173126.84,764,3,7,0,0,1.05
PROJ-KE-0288,Commercial,Mombasa,NCA 5,137768929.64,485,1,4,0,0,0.0
PROJ-KE-0289,Civil Works,Kakamega,NCA 7,47743241.8,225,9,9,74,1,43.9
PROJ-KE-0290,Infrastructure,Nairobi,NCA 3,16895857.91,104,3,7,12,1,15.65
PROJ-KE-0291,Infrastructure,Kericho,NCA 2,73802417.08,501,4,4,0,0,1.71
PROJ-KE-0292,Commercial,Uasin Gishu,NCA 8,196839605.81,690,12,13,0,1,27.47
PROJ-KE-0293,Commercial,Kericho,NCA 4,137086647.86,178,1,9,0,0,0.2
PROJ-KE-0294,Infrastructure,Machakos,NCA 1,56391118.34,814,5,5,68,1,37.64
PROJ-KE-0295,Infrastructure,Machakos,NCA 2,70787819.26,857,8,15,0,1,16.06
PROJ-KE-0296,Residential,Kisumu,NCA 2,616382889.5,1088,10,12,63,1,39.66
PROJ-KE-0297,Commercial,Machakos,NCA 2,105325352.24,195,10,12,0,0,2.97
PROJ-KE-0298,Commercial,Nairobi,NCA 1,33911504.76,243,0,5,0,0,3.31
PROJ-KE-0299,Residential,Nyeri,NCA 1,39240022.07,1027,5,14,14,0,0.87
PROJ-KE-0300,Infrastructure,Mombasa,NCA 1,336577009.51,1066,1,9,0,0,2.92
PROJ-KE-0301,Commercial,Kisumu,NCA 3,23151555.97,98,3,8,105,1,30.81
PROJ-KE-0302,Residential,Laikipia,NCA 8,525731638.77,884,5,6,0,1,5.21
PROJ-KE-0303,Residential,Kilifi,NCA 3,44102286.88,741,14,14,47,1,37.72
PROJ-KE-0304,Infrastructure,Nakuru,NCA 1,110015592.68,333,7,9,0,0,1.06
PROJ-KE-0305,Commercial,Mombasa,NCA 6,345706105.13,807,7,8,0,0,1.78
PROJ-KE-0306,Commercial,Murang'a,NCA 1,142310435.61,671,3,3,0,0,2.11
PROJ-KE-0307,Industrial,Murang'a,NCA 4,98297038.73,368,0,6,0,0,2.89
PROJ-KE-0308,Commercial,Nakuru,NCA 1,511593402.0,567,6,8,50,1,20.17
PROJ-KE-0309,Commercial,Nakuru,NCA 1,90383475.41,916,4,13,0,0,0.79
PROJ-KE-0310,Infrastructure,Nyeri,NCA 1,50516466.57,495,0,11,0,0,0.91
PROJ-KE-0311,Commercial,Murang'a,NCA 6,2500000000.0,659,8,14,64,1,15.41
PROJ-KE-0312,Commercial,Kilifi,NCA 1,387030565.62,933,5,9,0,0,0.96
PROJ-KE-0313,Residential,Kisumu,NCA 1,1169333150.24,544,4,15,113,1,43.67
PROJ-KE-0314,Commercial,Mombasa,NCA 7,1440768262.28,533,6,14,0,1,17.63
PROJ-KE-0315,Residential,Kakamega,NCA 1,157365170.3,994,0,5,0,0,0.0
PROJ-KE-0316,Residential,Laikipia,NCA 1,33878615.19,376,2,9,87,1,34.51
PROJ-KE-0317,Infrastructure,Nairobi,NCA 8,40962584.9,890,5,14,0,1,23.67
PROJ-KE-0318,Commercial,Kajiado,NCA 1,36742806.1,416,3,12,108,1,48.52
PROJ-KE-0319,Residential,Kilifi,NCA 8,71820955.47,192,5,6,73,1,14.14
PROJ-KE-0320,Civil Works,Kilifi,NCA 3,9341693.16,906,5,9,0,1,12.81
PROJ-KE-0321,Commercial,Kakamega,NCA 6,104075034.04,118,11,14,77,1,18.91
PROJ-KE-0322,Civil Works,Laikipia,NCA 3,59359300.97,269,0,10,34,0,1.02
PROJ-KE-0323,Residential,Nyeri,NCA 6,130977450.41,824,2,5,23,1,26.66
PROJ-KE-0324,Industrial,Nakuru,NCA 5,764620903.22,472,10,14,17,0,0.51
PROJ-KE-0325,Civil Works,Kericho,NCA 5,267948403.61,1073,10,10,95,1,45.15
PROJ-KE-0326,Infrastructure,Kilifi,NCA 4,75516262.66,924,3,5,93,1,14.36
PROJ-KE-0327,Infrastructure,Murang'a,NCA 6,222734874.18,879,0,12,45,1,16.79
PROJ-KE-0328,Residential,Laikipia,NCA 1,24261422.42,853,1,4,45,1,12.43
PROJ-KE-0329,Infrastructure,Nyeri,NCA 2,950328366.95,361,1,6,0,0,3.33
PROJ-KE-0330,Infrastructure,Mombasa,NCA 2,76623776.3,995,7,9,0,0,0.34
PROJ-KE-0331,Infrastructure,Kilifi,NCA 1,276158191.55,165,1,15,45,1,20.78
PROJ-KE-0332,Industrial,Machakos,NCA 4,190100992.87,650,2,4,0,0,0.07
PROJ-KE-0333,Commercial,Machakos,NCA 4,75179856.52,429,1,6,75,1,36.33
PROJ-KE-0334,Infrastructure,Kajiado,NCA 4,92421219.63,492,8,12,0,0,2.01
PROJ-KE-0335,Residential,Meru,NCA 5,275291858.65,730,7,12,8,1,38.04
PROJ-KE-0336,Residential,Nakuru,NCA 2,563066208.18,497,7,10,0,0,3.34
PROJ-KE-0337,Residential,Kakamega,NCA 6,44504867.29,359,7,10,112,1,25.06
PROJ-KE-0338,Commercial,Nakuru,NCA 1,47070472.11,1084,7,15,0,1,32.75
PROJ-KE-0339,Infrastructure,Kericho,NCA 7,36582674.13,676,3,6,55,0,3.14
PROJ-KE-0340,Residential,Kiambu,NCA 1,36414481.0,865,2,10,0,0,2.1
PROJ-KE-0341,Commercial,Mombasa,NCA 2,389197701.76,932,2,13,0,0,1.04
PROJ-KE-0342,Industrial,Kisumu,NCA 1,1509559316.01,659,8,9,40,0,0.79
PROJ-KE-0343,Commercial,Kericho,NCA 1,270264464.21,686,3,15,0,0,0.56
PROJ-KE-0344,Commercial,Kakamega,NCA 6,87531454.25,360,7,9,0,0,1.36
PROJ-KE-0345,Residential,Murang'a,NCA 1,247756974.4,333,3,3,0,0,1.44
PROJ-KE-0346,Infrastructure,Meru,NCA 2,93526056.32,953,10,10,116,1,41.14
PROJ-KE-0347,Infrastructure,Nyeri,NCA 2,295677906.49,516,10,12,61,1,35.55
PROJ-KE-0348,Infrastructure,Kakamega,NCA 5,949275955.87,617,5,15,95,1,42.59
PROJ-KE-0349,Industrial,Nairobi,NCA 1,105302062.96,986,6,6,9,0,2.11
PROJ-KE-0350,Infrastructure,Kajiado,NCA 2,33381125.72,1035,0,4,67,1,31.3
PROJ-KE-0351,Commercial,Laikipia,NCA 3,71084805.21,1005,1,7,54,1,12.04
PROJ-KE-0352,Industrial,Uasin Gishu,NCA 6,36567614.93,365,6,13,0,0,3.79
PROJ-KE-0353,Infrastructure,Laikipia,NCA 6,10248034.31,752,4,5,0,1,36.12
PROJ-KE-0354,Infrastructure,Kajiado,NCA 2,547455180.45,475,7,8,64,0,2.92
PROJ-KE-0355,Residential,Nakuru,NCA 1,2469428377.3,949,8,8,0,0,0.22
PROJ-KE-0356,Commercial,Kisumu,NCA 2,57115636.88,373,5,13,0,0,3.56
PROJ-KE-0357,Industrial,Meru,NCA 1,44703890.94,148,12,15,0,0,0.19
PROJ-KE-0358,Infrastructure,Meru,NCA 2,19011045.51,518,6,9,0,0,0.0
PROJ-KE-0359,Infrastructure,Nyeri,NCA 4,139900652.16,893,10,10,43,1,37.2
PROJ-KE-0360,Infrastructure,Machakos,NCA 2,15570590.08,832,5,15,0,0,2.97
PROJ-KE-0361,Commercial,Kilifi,NCA 4,38575504.66,404,5,9,79,1,28.43
PROJ-KE-0362,Industrial,Kisumu,NCA 3,1030493265.06,289,1,11,0,0,2.05
PROJ-KE-0363,Commercial,Kiambu,NCA 1,158023190.63,673,2,10,96,1,20.55
PROJ-KE-0364,Commercial,Nyeri,NCA 4,230440589.5,94,4,10,104,1,20.96
PROJ-KE-0365,Infrastructure,Laikipia,NCA 5,121741796.26,534,6,13,66,1,24.25
PROJ-KE-0366,Commercial,Uasin Gishu,NCA 4,1203155817.21,865,3,11,5,0,0.41
PROJ-KE-0367,Infrastructure,Kakamega,NCA 2,56590806.95,195,8,9,0,0,3.62
PROJ-KE-0368,Commercial,Meru,NCA 3,25379589.47,534,2,13,120,1,33.18
PROJ-KE-0369,Infrastructure,Machakos,NCA 7,313114424.84,323,5,6,0,0,1.28
PROJ-KE-0370,Residential,Nakuru,NCA 2,138327836.95,756,1,15,86,1,15.2
PROJ-KE-0371,Civil Works,Nakuru,NCA 4,477214454.47,110,0,3,53,1,33.46
PROJ-KE-0372,Commercial,Nairobi,NCA 2,205707953.81,767,4,4,82,1,42.85
PROJ-KE-0373,Residential,Nakuru,NCA 2,32908529.8,893,3,4,30,0,0.0
PROJ-KE-0374,Civil Works,Kakamega,NCA 4,98379826.48,598,5,6,0,0,1.15
PROJ-KE-0375,Infrastructure,Nakuru,NCA 5,117002568.48,775,2,10,0,0,0.62
PROJ-KE-0376,Infrastructure,Kajiado,NCA 4,5000000.0,360,0,10,27,1,36.55
PROJ-KE-0377,Industrial,Kakamega,NCA 5,50903806.56,187,1,15,22,1,29.09
PROJ-KE-0378,Commercial,Kakamega,NCA 6,269212962.28,840,2,4,0,1,11.03
PROJ-KE-0379,Residential,Bungoma,NCA 2,18580730.02,909,2,9,94,1,38.37
PROJ-KE-0380,Civil Works,Machakos,NCA 1,348419579.09,672,7,13,53,0,1.58
PROJ-KE-0381,Industrial,Kiambu,NCA 3,21376638.29,589,3,4,13,0,2.5
PROJ-KE-0382,Infrastructure,Kilifi,NCA 8,63955225.54,625,11,14,0,0,0.0
PROJ-KE-0383,Residential,Murang'a,NCA 1,238883736.31,936,9,11,87,1,29.19
PROJ-KE-0384,Residential,Machakos,NCA 1,61172030.24,593,3,8,40,0,1.53
PROJ-KE-0385,Residential,Murang'a,NCA 5,339939208.96,676,1,10,0,1,19.75
PROJ-KE-0386,Commercial,Laikipia,NCA 4,363806847.77,126,8,11,16,1,32.73
PROJ-KE-0387,Civil Works,Meru,NCA 6,21482653.62,557,5,8,0,0,2.38
PROJ-KE-0388,Commercial,Laikipia,NCA 4,13061716.05,462,7,14,102,1,26.92
PROJ-KE-0389,Residential,Meru,NCA 3,101249225.93,472,1,14,26,0,1.33
PROJ-KE-0390,Infrastructure,Kericho,NCA 1,59812674.03,1042,3,9,0,0,1.67
PROJ-KE-0391,Commercial,Kericho,NCA 1,16699770.08,738,9,13,119,0,1.87
PROJ-KE-0392,Civil Works,Kiambu,NCA 7,767261067.5,656,9,9,0,1,21.77
PROJ-KE-0393,Industrial,Machakos,NCA 4,299561481.84,196,9,9,0,0,0.0
PROJ-KE-0394,Residential,Kilifi,NCA 2,1006442236.88,1076,4,8,0,1,28.1
PROJ-KE-0395,Infrastructure,Meru,NCA 5,271731518.92,650,8,8,0,0,3.2
PROJ-KE-0396,Commercial,Kakamega,NCA 6,385455517.1,1088,4,5,0,1,26.02
PROJ-KE-0397,Infrastructure,Kakamega,NCA 3,8977403.54,817,8,9,113,1,30.24
PROJ-KE-0398,Commercial,Nakuru,NCA 1,322841358.82,294,2,7,0,0,0.86
PROJ-KE-0399,Commercial,Meru,NCA 1,58411268.82,644,2,3,0,0,3.01
PROJ-KE-0400,Infrastructure,Kilifi,NCA 4,47716775.49,893,9,15,0,0,2.61
PROJ-KE-0401,Residential,Nyeri,NCA 7,152436063.04,145,2,3,116,1,43.99
PROJ-KE-0402,Industrial,Kakamega,NCA 5,10029824.25,649,9,14,97,1,20.56
PROJ-KE-0403,Infrastructure,Machakos,NCA 7,86627668.8,842,1,11,59,1,16.21
PROJ-KE-0404,Infrastructure,Nairobi,NCA 2,272837301.36,816,0,5,46,0,0.0
PROJ-KE-0405,Residential,Meru,NCA 3,39265617.03,892,5,14,0,0,2.95
PROJ-KE-0406,Infrastructure,Machakos,NCA 2,73405429.01,639,1,9,118,1,28.71
PROJ-KE-0407,Commercial,Laikipia,NCA 8,309131814.52,933,0,15,49,1,30.15
PROJ-KE-0408,Residential,Mombasa,NCA 4,258578251.26,418,1,9,74,1,29.46
PROJ-KE-0409,Infrastructure,Bungoma,NCA 3,83067672.39,393,3,13,15,0,0.91
PROJ-KE-0410,Civil Works,Nairobi,NCA 4,163529011.65,308,6,13,0,0,1.98
PROJ-KE-0411,Industrial,Kericho,NCA 4,945399727.09,1052,1,4,96,1,16.39
PROJ-KE-0412,Infrastructure,Kisumu,NCA 3,169332293.92,323,6,7,85,1,26.35
PROJ-KE-0413,Commercial,Nairobi,NCA 4,195547690.97,723,4,4,113,1,19.8
PROJ-KE-0414,Infrastructure,Meru,NCA 4,363968114.75,378,14,15,110,1,33.6
PROJ-KE-0415,Commercial,Murang'a,NCA 5,34216819.5,959,4,11,0,1,35.17
PROJ-KE-0416,Infrastructure,Kakamega,NCA 7,447692120.81,101,8,11,10,1,23.73
PROJ-KE-0417,Industrial,Meru,NCA 1,113930205.89,849,5,14,120,1,22.31
PROJ-KE-0418,Commercial,Kajiado,NCA 1,34558490.93,275,12,13,0,0,2.04
PROJ-KE-0419,Civil Works,Bungoma,NCA 4,538967743.75,346,1,4,0,0,0.0
PROJ-KE-0420,Commercial,Kilifi,NCA 1,118033701.69,724,1,4,62,0,3.14
PROJ-KE-0421,Infrastructure,Kiambu,NCA 3,54320981.2,528,0,5,105,1,22.81
PROJ-KE-0422,Infrastructure,Kericho,NCA 2,34293808.87,429,7,10,104,1,25.48
PROJ-KE-0423,Residential,Machakos,NCA 4,252667490.36,936,4,5,98,1,44.05
PROJ-KE-0424,Commercial,Kisumu,NCA 6,292294878.02,922,9,12,80,1,20.02
PROJ-KE-0425,Commercial,Kajiado,NCA 3,420261484.3,883,2,5,119,1,42.38
PROJ-KE-0426,Infrastructure,Meru,NCA 1,64177696.74,462,0,11,0,0,2.77
PROJ-KE-0427,Residential,Machakos,NCA 5,18333877.67,233,2,10,77,1,36.99
PROJ-KE-0428,Residential,Kakamega,NCA 1,7656365.2,869,3,10,52,0,3.42
PROJ-KE-0429,Residential,Kakamega,NCA 2,935089980.67,130,5,13,71,1,33.01
PROJ-KE-0430,Commercial,Kajiado,NCA 3,37686332.36,477,1,8,0,0,0.0
PROJ-KE-0431,Residential,Kakamega,NCA 5,678155711.98,443,7,10,0,1,19.52
PROJ-KE-0432,Commercial,Kajiado,NCA 1,119978260.2,281,2,5,0,0,0.0
PROJ-KE-0433,Residential,Nyeri,NCA 4,27764880.35,305,2,12,0,0,0.25
PROJ-KE-0434,Commercial,Machakos,NCA 1,174295819.06,614,1,3,38,1,22.18
PROJ-KE-0435,Civil Works,Nairobi,NCA 6,54980490.54,835,13,13,15,1,22.06
PROJ-KE-0436,Residential,Kilifi,NCA 5,537811156.82,705,4,5,0,1,13.73
PROJ-KE-0437,Infrastructure,Nyeri,NCA 6,537752011.11,700,1,12,54,1,27.65
PROJ-KE-0438,Industrial,Kericho,NCA 5,127286013.42,710,1,4,0,0,0.92
PROJ-KE-0439,Infrastructure,Nakuru,NCA 1,26851796.63,642,3,3,0,0,0.89
PROJ-KE-0440,Residential,Kilifi,NCA 7,140416173.13,583,12,15,107,1,38.69
PROJ-KE-0441,Commercial,Kiambu,NCA 2,14232916.31,874,6,6,81,1,19.34
PROJ-KE-0442,Infrastructure,Nairobi,NCA 3,45806685.74,210,0,11,31,0,0.0
PROJ-KE-0443,Residential,Kiambu,NCA 2,48507070.83,638,9,9,40,0,2.71
PROJ-KE-0444,Commercial,Laikipia,NCA 1,101725110.79,662,7,11,44,0,0.0
PROJ-KE-0445,Residential,Kiambu,NCA 6,36952634.79,547,5,15,70,1,25.22
PROJ-KE-0446,Commercial,Mombasa,NCA 1,122124563.7,183,3,5,0,0,0.7
PROJ-KE-0447,Commercial,Kisumu,NCA 4,128635590.31,831,6,9,0,0,0.89
PROJ-KE-0448,Residential,Machakos,NCA 4,51290174.55,762,9,15,105,1,35.28
PROJ-KE-0449,Residential,Kilifi,NCA 4,64318594.4,760,1,3,40,0,1.46
PROJ-KE-0450,Residential,Uasin Gishu,NCA 3,36011364.07,844,1,14,0,0,0.46
PROJ-KE-0451,Residential,Kakamega,NCA 2,152692664.62,1076,3,6,0,0,0.16
PROJ-KE-0452,Residential,Nakuru,NCA 3,70892092.97,605,5,7,0,0,0.0
PROJ-KE-0453,Industrial,Kajiado,NCA 4,489761101.07,878,6,6,104,1,30.54
PROJ-KE-0454,Residential,Nairobi,NCA 3,102166381.9,897,5,6,0,1,31.41
PROJ-KE-0455,Residential,Kakamega,NCA 3,1040539888.0,344,1,7,100,1,42.1
PROJ-KE-0456,Commercial,Machakos,NCA 3,23190668.25,365,5,5,0,0,2.69
PROJ-KE-0457,Commercial,Kilifi,NCA 6,50803934.36,301,1,6,0,0,0.0
PROJ-KE-0458,Infrastructure,Nakuru,NCA 6,48841240.28,718,0,3,0,0,0.3
PROJ-KE-0459,Industrial,Kajiado,NCA 3,230588005.86,872,4,11,101,1,41.48
PROJ-KE-0460,Residential,Mombasa,NCA 3,89925776.92,493,12,13,20,0,0.0
PROJ-KE-0461,Infrastructure,Nairobi,NCA 4,72437026.25,460,4,12,38,1,16.63
PROJ-KE-0462,Residential,Nyeri,NCA 2,47436624.09,807,11,15,56,1,19.83
PROJ-KE-0463,Commercial,Kiambu,NCA 8,45740507.74,828,3,7,0,0,1.81
PROJ-KE-0464,Infrastructure,Kiambu,NCA 3,58094984.21,99,3,5,0,0,1.12
PROJ-KE-0465,Residential,Nyeri,NCA 5,67195143.3,671,3,3,25,1,9.48
PROJ-KE-0466,Infrastructure,Laikipia,NCA 5,552874500.62,356,5,8,0,0,2.25
PROJ-KE-0467,Commercial,Nakuru,NCA 2,73682808.43,785,3,12,0,0,0.0
PROJ-KE-0468,Civil Works,Meru,NCA 2,56859771.06,844,1,10,41,0,0.0
PROJ-KE-0469,Industrial,Nyeri,NCA 2,213400877.7,717,6,12,0,0,1.59
PROJ-KE-0470,Commercial,Nyeri,NCA 4,72373536.15,494,7,7,0,0,3.51
PROJ-KE-0471,Residential,Bungoma,NCA 2,51257474.66,278,1,3,0,0,0.0
PROJ-KE-0472,Infrastructure,Kisumu,NCA 1,70480113.47,1049,8,10,103,1,28.4
PROJ-KE-0473,Infrastructure,Kisumu,NCA 1,74683320.09,1043,4,9,99,1,24.28
PROJ-KE-0474,Residential,Kiambu,NCA 3,126226438.51,455,7,8,0,0,3.61
PROJ-KE-0475,Residential,Kiambu,NCA 7,14166647.63,804,2,11,0,0,1.87
PROJ-KE-0476,Industrial,Kericho,NCA 3,55903344.6,445,8,10,16,0,0.0
PROJ-KE-0477,Commercial,Meru,NCA 1,162973268.79,625,4,15,65,0,0.7
PROJ-KE-0478,Residential,Laikipia,NCA 2,134038525.96,701,6,6,52,0,2.37
PROJ-KE-0479,Residential,Kilifi,NCA 1,1078793889.59,844,6,13,0,0,1.8
PROJ-KE-0480,Residential,Kajiado,NCA 2,98249603.2,512,6,6,22,0,0.67
PROJ-KE-0481,Residential,Kajiado,NCA 4,566796689.92,593,2,6,11,0,1.14
PROJ-KE-0482,Civil Works,Meru,NCA 2,71160219.03,328,1,4,32,0,0.49
PROJ-KE-0483,Infrastructure,Kakamega,NCA 3,258079796.58,900,2,3,101,1,40.7
PROJ-KE-0484,Commercial,Laikipia,NCA 1,95828782.47,1007,6,7,0,1,13.22
PROJ-KE-0485,Infrastructure,Bungoma,NCA 1,449129979.68,124,3,6,0,0,2.44
PROJ-KE-0486,Commercial,Murang'a,NCA 4,72329350.5,734,0,14,0,1,23.14
PROJ-KE-0487,Commercial,Laikipia,NCA 4,239553354.56,974,3,13,0,1,12.79
PROJ-KE-0488,Residential,Nairobi,NCA 1,98060580.11,898,0,6,0,0,0.0
PROJ-KE-0489,Infrastructure,Kiambu,NCA 2,44164204.55,181,1,6,0,0,0.0
PROJ-KE-0490,Civil Works,Mombasa,NCA 1,34369064.02,900,1,4,0,0,0.42
PROJ-KE-0491,Residential,Kakamega,NCA 5,439539881.14,539,3,14,53,1,39.96
PROJ-KE-0492,Residential,Bungoma,NCA 3,178864381.74,645,7,14,28,0,0.84
PROJ-KE-0493,Residential,Machakos,NCA 1,190394132.1,359,5,11,0,0,1.49
PROJ-KE-0494,Infrastructure,Nairobi,NCA 4,26530279.36,462,7,15,13,0,0.0
PROJ-KE-0495,Residential,Laikipia,NCA 5,188525931.75,509,5,13,71,1,33.84
PROJ-KE-0496,Commercial,Kiambu,NCA 1,189531477.2,286,0,4,0,0,2.33
PROJ-KE-0497,Residential,Kajiado,NCA 1,24021317.69,316,11,12,31,0,0.0
PROJ-KE-0498,Infrastructure,Bungoma,NCA 5,449333344.32,1050,5,9,0,1,6.92
PROJ-KE-0499,Residential,Mombasa,NCA 4,138260790.45,311,1,11,34,0,0.25
PROJ-KE-0500,Residential,Kilifi,NCA 3,92830965.37,1060,4,5,0,0,1.56
PROJ-KE-0501,Residential,Kakamega,NCA 4,74623444.39,196,1,5,0,0,0.0
PROJ-KE-0502,Residential,Bungoma,NCA 7,102791056.64,1014,8,8,0,1,30.22
PROJ-KE-0503,Residential,Nyeri,NCA 4,303833117.1,666,3,11,75,1,44.23
PROJ-KE-0504,Residential,Murang'a,NCA 1,71754797.45,125,0,7,0,0,1.15
PROJ-KE-0505,Commercial,Kilifi,NCA 1,47784826.49,1055,13,14,75,1,29.37
PROJ-KE-0506,Residential,Kiambu,NCA 1,54975897.76,361,3,8,108,1,25.71
PROJ-KE-0507,Residential,Uasin Gishu,NCA 4,76143283.84,267,9,10,0,0,2.98
PROJ-KE-0508,Commercial,Murang'a,NCA 1,285676560.58,147,10,15,109,1,19.88
PROJ-KE-0509,Infrastructure,Nairobi,NCA 4,328781473.37,737,0,9,10,0,2.95
PROJ-KE-0510,Commercial,Kilifi,NCA 1,16042715.85,1084,9,10,0,0,2.55
PROJ-KE-0511,Infrastructure,Kiambu,NCA 1,214621462.03,174,9,10,0,0,0.85
PROJ-KE-0512,Residential,Kericho,NCA 5,168267923.39,662,3,6,78,1,19.27
PROJ-KE-0513,Residential,Kilifi,NCA 1,95081559.23,791,1,12,57,1,24.68
PROJ-KE-0514,Commercial,Nyeri,NCA 2,34227138.99,263,7,8,0,0,0.0
PROJ-KE-0515,Commercial,Kakamega,NCA 1,293106120.83,835,0,4,0,0,3.29
PROJ-KE-0516,Commercial,Meru,NCA 1,88490757.95,550,0,10,99,1,32.65
PROJ-KE-0517,Commercial,Kajiado,NCA 3,7424757.4,801,10,14,79,0,2.72
PROJ-KE-0518,Commercial,Mombasa,NCA 2,47814306.99,898,9,14,64,1,24.23
PROJ-KE-0519,Commercial,Kakamega,NCA 6,95222562.36,109,6,7,53,1,40.13
PROJ-KE-0520,Residential,Kisumu,NCA 1,97833137.16,602,8,10,0,0,1.35
PROJ-KE-0521,Residential,Nyeri,NCA 3,107377046.85,790,5,8,0,0,1.56
PROJ-KE-0522,Residential,Mombasa,NCA 4,2500000000.0,989,0,9,0,1,16.28
PROJ-KE-0523,Residential,Kiambu,NCA 1,82666125.79,481,10,11,0,0,0.44
PROJ-KE-0524,Commercial,Kiambu,NCA 2,57938179.37,549,2,11,22,1,26.37
PROJ-KE-0525,Infrastructure,Uasin Gishu,NCA 6,54876803.2,626,3,5,0,1,37.2
PROJ-KE-0526,Commercial,Machakos,NCA 2,7017851.92,211,2,5,0,0,1.42
PROJ-KE-0527,Commercial,Kericho,NCA 7,136599410.56,400,10,10,0,0,3.78
PROJ-KE-0528,Commercial,Machakos,NCA 1,567038196.42,710,9,12,34,0,1.24
PROJ-KE-0529,Commercial,Laikipia,NCA 1,142366832.44,956,7,12,0,0,3.29
PROJ-KE-0530,Residential,Kiambu,NCA 1,129952428.21,1082,2,3,0,1,12.34
PROJ-KE-0531,Infrastructure,Uasin Gishu,NCA 5,1335447099.9,539,7,12,0,1,33.6
PROJ-KE-0532,Industrial,Kericho,NCA 2,716172051.92,479,5,14,100,1,33.87
PROJ-KE-0533,Residential,Mombasa,NCA 3,12675872.06,133,4,6,0,0,1.62
PROJ-KE-0534,Residential,Mombasa,NCA 1,104589988.83,540,4,9,0,0,2.08
PROJ-KE-0535,Commercial,Mombasa,NCA 4,325678008.24,751,1,10,0,0,3.17
PROJ-KE-0536,Industrial,Kiambu,NCA 2,421905518.5,421,0,10,80,1,42.12
PROJ-KE-0537,Commercial,Nyeri,NCA 4,23124935.42,1018,12,14,98,1,29.63
PROJ-KE-0538,Residential,Murang'a,NCA 4,163769191.47,1088,9,11,0,0,2.21
PROJ-KE-0539,Infrastructure,Nyeri,NCA 3,74894732.58,979,1,5,0,0,2.42
PROJ-KE-0540,Infrastructure,Bungoma,NCA 2,150022282.53,275,1,4,0,0,1.26
PROJ-KE-0541,Commercial,Laikipia,NCA 6,95621354.95,993,3,10,89,1,29.6
PROJ-KE-0542,Residential,Kisumu,NCA 4,1292171007.63,374,10,12,0,0,1.42
PROJ-KE-0543,Commercial,Kakamega,NCA 1,77178731.58,964,2,3,16,1,12.48
PROJ-KE-0544,Infrastructure,Machakos,NCA 7,157977825.58,857,5,12,0,1,17.16
PROJ-KE-0545,Residential,Kisumu,NCA 5,189326567.62,953,1,11,22,1,18.06
PROJ-KE-0546,Residential,Uasin Gishu,NCA 4,563164107.25,716,0,3,0,1,7.89
PROJ-KE-0547,Infrastructure,Meru,NCA 2,89476983.81,958,4,8,0,1,9.28
PROJ-KE-0548,Residential,Laikipia,NCA 3,104525748.95,274,3,12,0,0,1.19
PROJ-KE-0549,Commercial,Nakuru,NCA 4,167985393.45,514,0,9,76,1,39.2
PROJ-KE-0550,Commercial,Uasin Gishu,NCA 4,106912062.57,397,8,11,5,0,2.22
PROJ-KE-0551,Residential,Nairobi,NCA 5,219885434.24,288,5,8,0,0,1.42
PROJ-KE-0552,Commercial,Kiambu,NCA 3,18522277.91,639,7,8,0,0,0.0
PROJ-KE-0553,Infrastructure,Meru,NCA 3,299469445.34,784,8,8,0,0,3.4
PROJ-KE-0554,Infrastructure,Kakamega,NCA 1,421854141.98,437,8,9,0,0,0.0
PROJ-KE-0555,Residential,Meru,NCA 4,64728270.13,412,0,14,16,0,1.22
PROJ-KE-0556,Residential,Meru,NCA 1,89609223.78,893,1,3,0,0,0.88
PROJ-KE-0557,Residential,Kiambu,NCA 1,118841299.95,1035,8,10,46,1,36.73
PROJ-KE-0558,Industrial,Kiambu,NCA 1,727988391.77,127,6,10,0,0,1.18
PROJ-KE-0559,Industrial,Kisumu,NCA 2,166333968.28,874,11,13,78,1,37.83
PROJ-KE-0560,Residential,Uasin Gishu,NCA 2,152262720.54,416,14,15,0,0,1.08
PROJ-KE-0561,Commercial,Nakuru,NCA 1,217006330.42,448,5,11,95,1,20.15
PROJ-KE-0562,Commercial,Nyeri,NCA 3,24681252.59,141,0,5,0,0,0.57
PROJ-KE-0563,Commercial,Kericho,NCA 2,53212670.0,734,11,14,50,0,0.14
PROJ-KE-0564,Infrastructure,Kisumu,NCA 8,836710306.44,863,14,15,0,1,28.05
PROJ-KE-0565,Commercial,Meru,NCA 4,356223517.03,817,14,15,0,1,34.56
PROJ-KE-0566,Commercial,Kakamega,NCA 2,87160639.36,806,5,13,0,0,0.09
PROJ-KE-0567,Commercial,Laikipia,NCA 1,10859976.81,379,11,15,0,0,1.69
PROJ-KE-0568,Infrastructure,Nakuru,NCA 2,161723990.04,755,2,4,0,0,2.1
PROJ-KE-0569,Residential,Machakos,NCA 8,47859084.29,923,9,14,60,1,29.72
PROJ-KE-0570,Commercial,Kilifi,NCA 1,41770026.21,818,7,12,81,0,0.0
PROJ-KE-0571,Infrastructure,Machakos,NCA 2,154038621.88,505,4,4,109,1,26.7
PROJ-KE-0572,Residential,Mombasa,NCA 1,30553055.73,926,4,5,0,0,1.18
PROJ-KE-0573,Commercial,Kiambu,NCA 3,70575056.63,547,1,6,0,0,0.41
PROJ-KE-0574,Industrial,Meru,NCA 6,450144539.99,1049,5,9,0,0,0.18
PROJ-KE-0575,Residential,Kiambu,NCA 6,1175868064.7,1081,0,3,0,1,32.08
PROJ-KE-0576,Residential,Meru,NCA 6,128695779.13,493,5,13,0,1,18.4
PROJ-KE-0577,Residential,Uasin Gishu,NCA 4,50358053.74,483,6,8,116,1,38.71
PROJ-KE-0578,Commercial,Kisumu,NCA 4,505849130.31,763,2,9,87,1,40.3
PROJ-KE-0579,Industrial,Kericho,NCA 4,32304056.6,929,6,10,28,1,21.82
PROJ-KE-0580,Commercial,Laikipia,NCA 5,121786980.78,510,9,11,9,1,24.65
PROJ-KE-0581,Infrastructure,Nakuru,NCA 3,174274529.32,837,8,14,0,0,3.79
PROJ-KE-0582,Residential,Kisumu,NCA 3,87439319.17,714,1,4,0,0,0.0
PROJ-KE-0583,Commercial,Meru,NCA 4,366979085.04,101,7,10,0,0,0.0
PROJ-KE-0584,Residential,Meru,NCA 2,157523988.8,126,14,14,0,0,3.68
PROJ-KE-0585,Commercial,Laikipia,NCA 3,22448841.59,388,0,15,15,0,1.62
PROJ-KE-0586,Infrastructure,Kajiado,NCA 1,152583625.92,377,4,7,19,0,0.0
PROJ-KE-0587,Infrastructure,Bungoma,NCA 2,279065218.37,331,2,10,0,0,2.09
PROJ-KE-0588,Commercial,Kiambu,NCA 3,46813219.68,931,3,5,0,0,1.97
PROJ-KE-0589,Infrastructure,Machakos,NCA 1,97142413.1,747,1,7,64,0,0.18
PROJ-KE-0590,Infrastructure,Kilifi,NCA 2,198010089.38,812,7,9,72,1,42.8
PROJ-KE-0591,Residential,Nyeri,NCA 7,94591430.24,789,0,3,0,0,0.0
PROJ-KE-0592,Residential,Kajiado,NCA 2,102104677.94,760,6,12,0,0,0.7
PROJ-KE-0593,Infrastructure,Uasin Gishu,NCA 3,48823260.87,783,2,14,6,0,0.0
PROJ-KE-0594,Commercial,Nakuru,NCA 3,69696447.89,832,4,7,8,0,0.82
PROJ-KE-0595,Residential,Uasin Gishu,NCA 7,81817472.27,743,0,4,82,1,42.9
PROJ-KE-0596,Residential,Machakos,NCA 6,388547912.43,802,2,5,89,1,44.35
PROJ-KE-0597,Commercial,Kericho,NCA 4,55482615.67,773,10,15,104,1,28.03
PROJ-KE-0598,Commercial,Mombasa,NCA 2,274988962.93,922,2,7,67,1,24.66
PROJ-KE-0599,Residential,Nakuru,NCA 1,97605492.92,877,3,9,0,0,2.2
PROJ-KE-0600,Commercial,Mombasa,NCA 1,47610630.65,546,3,3,86,1,13.63
PROJ-KE-0601,Commercial,Murang'a,NCA 2,48494576.94,678,3,3,0,0,0.0
PROJ-KE-0602,Infrastructure,Kisumu,NCA 3,324881104.24,93,7,9,73,1,34.8
PROJ-KE-0603,Residential,Kisumu,NCA 2,69086916.1,963,1,8,0,0,0.0
PROJ-KE-0604,Commercial,Mombasa,NCA 7,63218111.26,489,2,4,0,0,2.41
PROJ-KE-0605,Commercial,Mombasa,NCA 1,46241202.19,827,3,12,0,0,1.92
PROJ-KE-0606,Commercial,Bungoma,NCA 7,320918190.78,435,1,15,32,1,34.83
PROJ-KE-0607,Infrastructure,Bungoma,NCA 7,300258759.87,848,3,12,0,0,2.01
PROJ-KE-0608,Infrastructure,Laikipia,NCA 6,126060829.26,723,1,3,0,1,6.65
PROJ-KE-0609,Commercial,Nakuru,NCA 3,185688919.38,264,1,12,0,0,2.29
PROJ-KE-0610,Infrastructure,Kilifi,NCA 1,148958469.78,945,10,14,20,1,39.2
PROJ-KE-0611,Residential,Kiambu,NCA 2,243519731.85,136,2,12,20,0,0.82
PROJ-KE-0612,Commercial,Kakamega,NCA 3,797815845.01,539,4,6,17,0,0.0
PROJ-KE-0613,Residential,Machakos,NCA 1,94585031.72,273,4,4,0,0,0.0
PROJ-KE-0614,Infrastructure,Kiambu,NCA 1,323364976.88,745,7,7,27,0,0.93
PROJ-KE-0615,Commercial,Laikipia,NCA 4,731882247.5,398,6,8,35,1,14.83
PROJ-KE-0616,Civil Works,Nakuru,NCA 4,1075777085.8,609,3,6,0,0,0.55
PROJ-KE-0617,Commercial,Kiambu,NCA 4,48021116.37,1081,7,10,90,1,26.02
PROJ-KE-0618,Commercial,Kajiado,NCA 2,89812568.69,914,14,15,99,1,20.12
PROJ-KE-0619,Commercial,Nakuru,NCA 1,175339279.18,330,7,14,0,0,2.09
PROJ-KE-0620,Infrastructure,Nyeri,NCA 1,210363953.51,332,6,14,0,0,0.45
PROJ-KE-0621,Residential,Laikipia,NCA 1,196695122.3,536,1,5,0,0,1.61
PROJ-KE-0622,Commercial,Uasin Gishu,NCA 4,240232456.53,220,0,3,19,0,2.19
PROJ-KE-0623,Commercial,Nyeri,NCA 1,37234115.51,392,2,12,0,0,0.0
PROJ-KE-0624,Commercial,Kilifi,NCA 1,257388933.41,311,7,12,0,0,0.76
PROJ-KE-0625,Infrastructure,Kilifi,NCA 1,730614903.8,534,3,12,0,0,0.74
PROJ-KE-0626,Residential,Nairobi,NCA 2,2500000000.0,841,1,15,55,1,26.32
PROJ-KE-0627,Infrastructure,Nakuru,NCA 3,118618942.47,102,11,14,32,1,12.58
PROJ-KE-0628,Commercial,Kisumu,NCA 1,76495679.32,560,11,12,0,0,2.86
PROJ-KE-0629,Commercial,Murang'a,NCA 1,88831168.66,982,7,8,0,1,17.7
PROJ-KE-0630,Infrastructure,Mombasa,NCA 2,109830128.32,860,3,7,0,1,29.28
PROJ-KE-0631,Commercial,Kakamega,NCA 6,361401457.67,203,5,9,0,0,1.56
PROJ-KE-0632,Residential,Kisumu,NCA 3,119242704.59,432,4,6,66,1,35.93
PROJ-KE-0633,Infrastructure,Uasin Gishu,NCA 5,116347550.34,1009,6,7,13,0,0.05
PROJ-KE-0634,Residential,Nakuru,NCA 3,278226237.83,634,13,13,0,0,3.22
PROJ-KE-0635,Infrastructure,Kisumu,NCA 1,158708503.15,490,2,5,0,0,2.0
PROJ-KE-0636,Commercial,Kiambu,NCA 3,151294419.73,985,4,6,0,1,27.52
PROJ-KE-0637,Industrial,Laikipia,NCA 2,129215121.65,544,10,14,29,1,15.57
PROJ-KE-0638,Industrial,Nyeri,NCA 2,276335275.49,441,10,13,0,0,1.39
PROJ-KE-0639,Residential,Bungoma,NCA 3,10428413.9,403,2,5,52,0,3.73
PROJ-KE-0640,Commercial,Kakamega,NCA 2,74315420.56,1069,4,5,0,0,0.01
PROJ-KE-0641,Civil Works,Kiambu,NCA 1,1849453258.82,678,3,5,28,1,14.57
PROJ-KE-0642,Infrastructure,Nyeri,NCA 8,236874871.19,1088,4,5,8,1,19.15
PROJ-KE-0643,Residential,Kiambu,NCA 7,202924632.62,1083,8,14,0,1,15.93
PROJ-KE-0644,Infrastructure,Laikipia,NCA 6,779097527.26,677,2,13,0,0,0.74
PROJ-KE-0645,Commercial,Nakuru,NCA 4,7363767.6,1011,1,3,0,1,25.38
PROJ-KE-0646,Commercial,Kakamega,NCA 1,129630344.32,146,10,12,72,1,21.37
PROJ-KE-0647,Commercial,Bungoma,NCA 4,1724242536.36,1070,4,4,67,1,42.83
PROJ-KE-0648,Industrial,Kakamega,NCA 2,480215207.65,823,5,9,6,0,2.56
PROJ-KE-0649,Civil Works,Kisumu,NCA 1,486851138.36,515,14,15,108,1,39.82
PROJ-KE-0650,Industrial,Kericho,NCA 1,70094047.82,302,7,7,0,0,0.0
PROJ-KE-0651,Industrial,Murang'a,NCA 1,91173626.88,509,4,13,76,0,1.66
PROJ-KE-0652,Industrial,Uasin Gishu,NCA 1,35217118.62,133,4,7,0,0,1.13
PROJ-KE-0653,Infrastructure,Kiambu,NCA 2,46084536.73,1068,13,13,0,1,14.49
PROJ-KE-0654,Commercial,Kilifi,NCA 1,377835346.43,873,7,7,0,1,24.18
PROJ-KE-0655,Residential,Kajiado,NCA 4,242910992.41,577,13,14,70,1,20.56
PROJ-KE-0656,Residential,Kiambu,NCA 2,86487407.15,989,2,14,11,0,2.75
PROJ-KE-0657,Industrial,Kakamega,NCA 1,69490602.42,168,3,11,0,0,1.47
PROJ-KE-0658,Infrastructure,Nyeri,NCA 6,176418299.89,936,12,13,92,1,31.84
PROJ-KE-0659,Residential,Kiambu,NCA 1,36821616.42,620,5,7,0,0,2.97
PROJ-KE-0660,Commercial,Uasin Gishu,NCA 1,124518391.42,1008,9,11,0,0,3.97
PROJ-KE-0661,Infrastructure,Nakuru,NCA 2,54697463.47,1028,0,4,0,1,15.28
PROJ-KE-0662,Residential,Bungoma,NCA 6,57381687.33,701,5,11,43,1,16.64
PROJ-KE-0663,Industrial,Kiambu,NCA 4,160839503.92,404,1,5,15,0,2.36
PROJ-KE-0664,Commercial,Nairobi,NCA 5,110033420.97,200,0,3,0,0,1.57
PROJ-KE-0665,Commercial,Nairobi,NCA 5,89160450.94,891,4,4,120,1,17.97
PROJ-KE-0666,Commercial,Kajiado,NCA 7,593119567.41,446,2,8,0,0,0.0
PROJ-KE-0667,Residential,Kisumu,NCA 1,90638764.47,312,3,14,0,0,2.39
PROJ-KE-0668,Commercial,Nakuru,NCA 6,636730613.27,1032,11,11,0,1,27.23
PROJ-KE-0669,Commercial,Kakamega,NCA 8,52302899.21,524,4,6,19,1,22.27
PROJ-KE-0670,Residential,Laikipia,NCA 5,38274088.81,811,0,7,68,1,31.61
PROJ-KE-0671,Commercial,Bungoma,NCA 1,207673041.07,507,6,7,13,0,0.0
PROJ-KE-0672,Industrial,Kakamega,NCA 1,437182772.92,197,7,9,0,0,0.86
PROJ-KE-0673,Residential,Nakuru,NCA 4,63000816.56,1003,0,5,30,0,2.91
PROJ-KE-0674,Civil Works,Nakuru,NCA 1,30827341.77,873,12,14,0,0,0.82
PROJ-KE-0675,Residential,Murang'a,NCA 2,880845842.5,772,6,12,0,0,1.14
PROJ-KE-0676,Residential,Nakuru,NCA 2,20011506.81,227,0,3,0,0,2.05
PROJ-KE-0677,Commercial,Machakos,NCA 2,31532779.84,785,2,8,84,1,38.2
PROJ-KE-0678,Infrastructure,Bungoma,NCA 1,142156469.74,767,7,10,0,0,0.48
PROJ-KE-0679,Residential,Nairobi,NCA 7,377151482.87,1026,3,4,0,1,33.14
PROJ-KE-0680,Residential,Mombasa,NCA 1,11619535.86,400,2,14,0,0,2.78
PROJ-KE-0681,Residential,Nakuru,NCA 3,449487493.06,592,8,13,0,0,0.45
PROJ-KE-0682,Industrial,Mombasa,NCA 2,5000000.0,721,5,13,0,0,1.09
PROJ-KE-0683,Residential,Kiambu,NCA 5,164318218.34,447,0,15,0,0,0.16
PROJ-KE-0684,Residential,Kakamega,NCA 2,251292733.79,330,4,13,0,0,1.67
PROJ-KE-0685,Commercial,Nyeri,NCA 1,85517828.29,641,0,8,0,0,0.0
PROJ-KE-0686,Industrial,Kajiado,NCA 1,84318413.31,414,9,9,78,1,16.02
PROJ-KE-0687,Residential,Uasin Gishu,NCA 2,14053204.12,437,4,5,60,1,17.66
PROJ-KE-0688,Residential,Kisumu,NCA 5,41333054.25,138,6,7,0,0,0.0
PROJ-KE-0689,Infrastructure,Nakuru,NCA 3,12860262.46,369,4,4,0,0,1.36
PROJ-KE-0690,Infrastructure,Meru,NCA 3,62689041.49,410,3,6,84,1,30.41
PROJ-KE-0691,Infrastructure,Machakos,NCA 6,39660757.59,281,7,12,110,1,40.49
PROJ-KE-0692,Residential,Kericho,NCA 7,101773488.43,295,7,8,24,1,32.03
PROJ-KE-0693,Infrastructure,Kericho,NCA 2,583997643.43,739,6,6,110,0,1.0
PROJ-KE-0694,Infrastructure,Kilifi,NCA 2,216020252.46,206,1,5,107,1,34.17
PROJ-KE-0695,Residential,Mombasa,NCA 1,33074154.11,369,0,5,107,1,36.96
PROJ-KE-0696,Commercial,Laikipia,NCA 5,482704673.52,146,2,4,0,0,0.0
PROJ-KE-0697,Residential,Kakamega,NCA 4,268621838.25,949,13,14,19,0,0.0
PROJ-KE-0698,Commercial,Kajiado,NCA 3,58843614.74,182,4,6,108,1,40.13
PROJ-KE-0699,Infrastructure,Kilifi,NCA 7,875410580.42,313,0,5,40,1,28.45
PROJ-KE-0700,Residential,Kakamega,NCA 4,152279956.13,205,8,8,92,1,40.08
PROJ-KE-0701,Commercial,Laikipia,NCA 4,284929908.1,931,0,7,0,1,29.4
PROJ-KE-0702,Infrastructure,Mombasa,NCA 4,90497513.78,897,3,13,54,0,4.72
PROJ-KE-0703,Residential,Nakuru,NCA 3,120944733.87,98,4,9,110,1,40.97
PROJ-KE-0704,Commercial,Machakos,NCA 6,20287905.02,875,6,13,0,0,1.11
PROJ-KE-0705,Infrastructure,Laikipia,NCA 3,175782912.32,512,6,8,0,0,0.0
PROJ-KE-0706,Infrastructure,Kisumu,NCA 2,18594187.53,845,7,8,0,0,1.36
PROJ-KE-0707,Commercial,Bungoma,NCA 5,19507871.66,229,3,3,44,1,14.61
PROJ-KE-0708,Residential,Kiambu,NCA 5,171108955.83,792,5,9,0,1,10.72
PROJ-KE-0709,Residential,Nyeri,NCA 5,68441399.42,293,3,4,55,1,39.68
PROJ-KE-0710,Commercial,Nairobi,NCA 6,14300293.38,752,10,12,16,1,29.74
PROJ-KE-0711,Commercial,Murang'a,NCA 4,95142450.68,704,2,7,52,1,10.67
PROJ-KE-0712,Residential,Bungoma,NCA 5,422457491.04,596,1,4,0,1,30.81
PROJ-KE-0713,Commercial,Laikipia,NCA 2,1000029258.31,531,4,6,110,1,29.8
PROJ-KE-0714,Residential,Kiambu,NCA 1,632992245.16,1089,3,7,0,1,27.58
PROJ-KE-0715,Residential,Nairobi,NCA 3,57427451.77,982,6,8,0,0,0.0
PROJ-KE-0716,Infrastructure,Kajiado,NCA 1,74948260.52,1043,3,6,0,0,4.75
PROJ-KE-0717,Civil Works,Mombasa,NCA 1,102134892.91,606,6,12,55,0,0.5
PROJ-KE-0718,Industrial,Mombasa,NCA 3,98760261.56,1042,7,8,45,1,32.94
PROJ-KE-0719,Residential,Kajiado,NCA 1,197987183.47,982,5,7,0,0,0.57
PROJ-KE-0720,Residential,Kajiado,NCA 3,1198088853.39,536,2,5,0,0,1.4
PROJ-KE-0721,Residential,Bungoma,NCA 1,181333279.55,126,4,10,64,1,25.8
PROJ-KE-0722,Civil Works,Laikipia,NCA 1,33603159.63,586,7,10,97,1,43.31
PROJ-KE-0723,Commercial,Kisumu,NCA 1,66682972.79,857,4,11,0,1,26.88
PROJ-KE-0724,Commercial,Nairobi,NCA 3,35171370.86,168,6,6,0,0,2.31
PROJ-KE-0725,Commercial,Nakuru,NCA 2,196911989.47,694,2,4,15,0,1.78
PROJ-KE-0726,Residential,Kajiado,NCA 3,2500000000.0,761,7,12,98,1,47.79
PROJ-KE-0727,Industrial,Kiambu,NCA 1,560215689.92,420,1,15,0,0,0.0
PROJ-KE-0728,Commercial,Kajiado,NCA 1,67268943.76,1078,12,15,114,1,29.68
PROJ-KE-0729,Residential,Kiambu,NCA 1,341686885.18,592,13,15,0,0,0.0
PROJ-KE-0730,Residential,Kakamega,NCA 4,220044766.46,591,6,10,0,0,0.0
PROJ-KE-0731,Infrastructure,Kakamega,NCA 4,66604539.22,534,6,13,70,1,19.4
PROJ-KE-0732,Infrastructure,Kiambu,NCA 7,332714587.73,629,10,13,0,0,2.76
PROJ-KE-0733,Industrial,Laikipia,NCA 2,663659680.99,397,4,6,77,1,14.28
PROJ-KE-0734,Commercial,Mombasa,NCA 3,31455381.36,565,11,13,0,0,1.18
PROJ-KE-0735,Commercial,Nairobi,NCA 1,271712017.84,767,2,10,0,0,0.82
PROJ-KE-0736,Residential,Meru,NCA 2,78040161.69,550,12,12,116,1,43.33
PROJ-KE-0737,Commercial,Kisumu,NCA 4,15712362.01,198,8,9,55,1,14.35
PROJ-KE-0738,Commercial,Laikipia,NCA 3,25294518.71,852,11,12,0,1,25.41
PROJ-KE-0739,Civil Works,Kakamega,NCA 4,623810719.7,913,1,7,6,0,2.2
PROJ-KE-0740,Infrastructure,Uasin Gishu,NCA 6,846756431.38,304,10,10,35,0,2.03
PROJ-KE-0741,Infrastructure,Uasin Gishu,NCA 1,117740555.61,522,0,3,24,0,1.09
PROJ-KE-0742,Residential,Nairobi,NCA 6,29518037.74,689,1,6,111,1,16.36
PROJ-KE-0743,Residential,Kericho,NCA 8,77409841.03,958,9,10,0,1,21.09
PROJ-KE-0744,Residential,Laikipia,NCA 1,77604467.0,152,0,11,45,1,30.89
PROJ-KE-0745,Industrial,Nakuru,NCA 3,79305003.56,1051,5,13,60,1,17.34
PROJ-KE-0746,Commercial,Kilifi,NCA 3,123153296.3,691,5,13,0,0,0.0
PROJ-KE-0747,Residential,Meru,NCA 4,41361333.19,1053,10,13,0,1,31.27
PROJ-KE-0748,Infrastructure,Machakos,NCA 4,72258848.0,773,2,10,25,1,27.49
PROJ-KE-0749,Commercial,Kericho,NCA 7,45034435.36,660,0,3,38,1,20.58
PROJ-KE-0750,Commercial,Mombasa,NCA 5,79463698.86,322,4,4,38,1,41.59
PROJ-KE-0751,Infrastructure,Mombasa,NCA 5,9893352.04,963,13,14,0,0,0.06
PROJ-KE-0752,Industrial,Bungoma,NCA 5,20927946.08,1075,3,15,0,1,33.33
PROJ-KE-0753,Commercial,Mombasa,NCA 3,21562182.8,261,1,13,0,0,0.73
PROJ-KE-0754,Commercial,Bungoma,NCA 5,9567254.68,247,5,13,22,0,1.92
PROJ-KE-0755,Civil Works,Nairobi,NCA 1,190010151.06,918,5,10,26,1,32.51
PROJ-KE-0756,Residential,Kilifi,NCA 1,195510140.4,861,6,11,0,0,2.41
PROJ-KE-0757,Industrial,Bungoma,NCA 7,17758411.16,1056,3,3,6,1,29.28
PROJ-KE-0758,Residential,Kisumu,NCA 1,28161208.36,258,0,9,9,1,27.69
PROJ-KE-0759,Residential,Mombasa,NCA 8,913662584.4,986,4,11,118,1,39.27
PROJ-KE-0760,Residential,Meru,NCA 4,70460597.32,936,2,7,0,1,19.72
PROJ-KE-0761,Commercial,Bungoma,NCA 4,532517792.04,504,6,15,0,0,2.81
PROJ-KE-0762,Residential,Kiambu,NCA 3,229799282.85,643,3,7,75,1,33.48
PROJ-KE-0763,Commercial,Kajiado,NCA 1,298003907.07,882,6,7,0,0,1.54
PROJ-KE-0764,Residential,Kakamega,NCA 1,121784460.91,549,0,7,0,0,3.9
PROJ-KE-0765,Civil Works,Kilifi,NCA 2,85828550.27,381,12,13,0,0,0.84
PROJ-KE-0766,Residential,Kilifi,NCA 1,49592383.99,887,7,8,96,1,28.65
PROJ-KE-0767,Residential,Kisumu,NCA 1,307316438.73,546,2,4,0,0,0.0
PROJ-KE-0768,Infrastructure,Kajiado,NCA 3,261227394.96,741,7,9,0,1,18.76
PROJ-KE-0769,Commercial,Kiambu,NCA 3,57838591.31,558,5,5,0,0,0.78
PROJ-KE-0770,Residential,Mombasa,NCA 4,319350922.42,1064,4,4,0,0,2.31
PROJ-KE-0771,Commercial,Kiambu,NCA 1,226136097.96,402,4,8,8,0,0.4
PROJ-KE-0772,Residential,Mombasa,NCA 7,77605351.31,277,7,14,75,1,24.01
PROJ-KE-0773,Industrial,Kericho,NCA 3,66819828.19,435,12,15,0,0,0.82
PROJ-KE-0774,Infrastructure,Bungoma,NCA 5,21677055.34,773,2,10,0,0,3.6
PROJ-KE-0775,Infrastructure,Kericho,NCA 2,262136507.93,136,7,13,0,0,0.0
PROJ-KE-0776,Infrastructure,Meru,NCA 3,16040657.12,216,8,13,84,1,44.99
PROJ-KE-0777,Residential,Laikipia,NCA 3,64042148.93,109,4,4,7,0,2.21
PROJ-KE-0778,Infrastructure,Bungoma,NCA 1,38592658.88,693,3,3,0,0,2.79
PROJ-KE-0779,Residential,Nyeri,NCA 2,130560446.15,183,0,4,0,0,2.13
PROJ-KE-0780,Infrastructure,Kiambu,NCA 2,58814336.78,719,2,8,12,0,1.0
PROJ-KE-0781,Commercial,Nyeri,NCA 2,182538638.5,1054,0,4,101,1,31.88
PROJ-KE-0782,Residential,Nakuru,NCA 2,65355848.5,415,8,10,66,1,41.75
PROJ-KE-0783,Commercial,Nakuru,NCA 1,147174230.12,658,12,13,77,0,1.55
PROJ-KE-0784,Residential,Uasin Gishu,NCA 5,276183725.78,262,7,15,0,0,0.0
PROJ-KE-0785,Residential,Nairobi,NCA 5,365987583.33,1074,4,12,0,1,35.42
PROJ-KE-0786,Commercial,Kajiado,NCA 5,156267306.12,479,3,8,0,0,1.17
PROJ-KE-0787,Infrastructure,Kisumu,NCA 2,66554390.69,233,8,14,0,0,1.94
PROJ-KE-0788,Residential,Nyeri,NCA 6,61111513.82,1058,4,8,0,1,26.86
PROJ-KE-0789,Commercial,Uasin Gishu,NCA 3,42939050.92,703,0,8,0,1,25.09
PROJ-KE-0790,Commercial,Nairobi,NCA 4,816140511.15,513,11,11,0,0,0.0
PROJ-KE-0791,Infrastructure,Kisumu,NCA 3,606965768.33,545,1,13,109,1,28.32
PROJ-KE-0792,Residential,Murang'a,NCA 1,133404137.55,98,3,4,29,1,22.57
PROJ-KE-0793,Commercial,Nairobi,NCA 5,48784094.69,286,4,4,0,0,1.58
PROJ-KE-0794,Civil Works,Kakamega,NCA 1,49037248.26,594,11,14,0,1,26.07
PROJ-KE-0795,Commercial,Kajiado,NCA 3,126401827.55,595,4,5,99,1,33.55
PROJ-KE-0796,Commercial,Kiambu,NCA 4,52210962.8,220,3,7,0,0,0.01
PROJ-KE-0797,Infrastructure,Nairobi,NCA 8,64413352.21,348,8,13,0,0,2.78
PROJ-KE-0798,Infrastructure,Mombasa,NCA 6,109952408.43,420,6,9,92,1,31.27
PROJ-KE-0799,Commercial,Kilifi,NCA 1,92154333.81,1030,8,9,5,0,2.05
PROJ-KE-0800,Industrial,Nairobi,NCA 8,143231074.82,1070,1,4,47,1,19.96
PROJ-KE-0801,Residential,Nakuru,NCA 1,85087277.83,906,5,13,0,0,1.23
PROJ-KE-0802,Civil Works,Mombasa,NCA 5,421434886.61,622,7,15,0,0,0.0
PROJ-KE-0803,Infrastructure,Bungoma,NCA 3,155906115.96,124,5,9,0,0,0.29
PROJ-KE-0804,Commercial,Bungoma,NCA 1,15169512.94,715,6,13,91,1,42.15
PROJ-KE-0805,Residential,Kericho,NCA 1,123894538.64,703,0,15,0,0,1.55
PROJ-KE-0806,Residential,Nakuru,NCA 2,751977874.69,554,5,11,0,0,1.38
PROJ-KE-0807,Infrastructure,Uasin Gishu,NCA 6,121868834.45,219,8,13,58,1,16.94
PROJ-KE-0808,Commercial,Mombasa,NCA 1,131547440.41,409,6,12,0,0,0.05
PROJ-KE-0809,Residential,Kiambu,NCA 1,72834393.88,467,1,3,69,1,38.93
PROJ-KE-0810,Residential,Mombasa,NCA 2,141796280.71,1020,6,6,29,1,29.94
PROJ-KE-0811,Infrastructure,Bungoma,NCA 3,50136323.32,1076,4,8,25,1,10.96
PROJ-KE-0812,Industrial,Mombasa,NCA 3,485357774.22,799,3,6,0,0,1.37
PROJ-KE-0813,Civil Works,Nyeri,NCA 5,760805156.61,474,3,6,5,0,1.65
PROJ-KE-0814,Commercial,Nakuru,NCA 1,22347088.01,1024,11,15,8,0,1.59
PROJ-KE-0815,Commercial,Kajiado,NCA 4,274754694.69,437,3,11,7,0,2.24
PROJ-KE-0816,Commercial,Kiambu,NCA 2,123971942.62,1048,2,6,0,0,0.21
PROJ-KE-0817,Commercial,Kericho,NCA 6,252287307.81,156,1,4,0,0,1.91
PROJ-KE-0818,Residential,Kakamega,NCA 2,23164816.96,1033,1,3,0,1,14.71
PROJ-KE-0819,Commercial,Kilifi,NCA 1,215600355.05,961,9,11,0,0,1.36
PROJ-KE-0820,Residential,Kisumu,NCA 1,174666364.93,487,11,15,0,0,1.49
PROJ-KE-0821,Residential,Laikipia,NCA 4,41947357.46,500,12,13,0,0,2.23
PROJ-KE-0822,Commercial,Kilifi,NCA 2,131249077.51,403,6,9,0,0,0.63
PROJ-KE-0823,Residential,Kiambu,NCA 5,72177027.21,325,0,12,0,0,0.06
PROJ-KE-0824,Residential,Kericho,NCA 2,45254167.99,599,4,8,27,0,1.62
PROJ-KE-0825,Commercial,Kisumu,NCA 2,23930663.91,170,8,15,0,0,1.67
PROJ-KE-0826,Commercial,Uasin Gishu,NCA 2,141476402.48,781,4,8,109,1,22.19
PROJ-KE-0827,Residential,Kiambu,NCA 8,10817243.18,860,11,14,0,1,14.3
PROJ-KE-0828,Commercial,Murang'a,NCA 7,843054413.17,931,12,12,0,0,1.51
PROJ-KE-0829,Infrastructure,Kiambu,NCA 6,141826319.18,304,3,10,0,1,30.94
PROJ-KE-0830,Infrastructure,Bungoma,NCA 2,792518103.16,529,13,15,62,1,39.35
PROJ-KE-0831,Commercial,Kiambu,NCA 3,791999928.88,99,10,10,0,0,0.36
PROJ-KE-0832,Infrastructure,Murang'a,NCA 5,311484831.3,797,4,11,7,0,1.04
PROJ-KE-0833,Commercial,Nyeri,NCA 3,242706225.93,677,6,9,55,0,2.57
PROJ-KE-0834,Residential,Nyeri,NCA 3,171862571.39,552,4,13,18,0,0.36
PROJ-KE-0835,Infrastructure,Laikipia,NCA 1,248785267.76,485,3,7,89,1,31.21
PROJ-KE-0836,Residential,Kakamega,NCA 3,332376940.38,510,2,9,0,1,9.26
PROJ-KE-0837,Residential,Kisumu,NCA 2,211748770.18,981,2,6,95,1,36.44
PROJ-KE-0838,Commercial,Meru,NCA 3,17481353.38,372,0,6,0,0,0.0
PROJ-KE-0839,Residential,Kilifi,NCA 3,228883930.82,1022,7,12,0,0,0.07
PROJ-KE-0840,Commercial,Bungoma,NCA 2,348693547.27,490,12,12,0,0,0.39
PROJ-KE-0841,Residential,Kericho,NCA 3,158953412.67,1022,2,13,0,1,6.44
PROJ-KE-0842,Industrial,Machakos,NCA 2,309309126.29,733,4,11,0,1,34.77
PROJ-KE-0843,Industrial,Kericho,NCA 8,237775038.88,656,2,4,18,0,1.13
PROJ-KE-0844,Residential,Machakos,NCA 2,28473446.1,164,11,13,0,0,0.0
PROJ-KE-0845,Residential,Uasin Gishu,NCA 2,140551347.57,100,1,7,0,0,2.89
PROJ-KE-0846,Residential,Bungoma,NCA 1,46138161.28,1062,2,10,0,0,1.04
PROJ-KE-0847,Infrastructure,Nakuru,NCA 1,218002430.28,217,11,11,14,0,1.0
PROJ-KE-0848,Commercial,Bungoma,NCA 2,115646389.03,781,3,11,11,0,2.62
PROJ-KE-0849,Residential,Nakuru,NCA 2,16579153.93,405,0,10,0,0,1.64
PROJ-KE-0850,Commercial,Kilifi,NCA 2,112424804.73,521,0,3,29,0,0.97
PROJ-KE-0851,Civil Works,Nakuru,NCA 5,73133102.43,940,2,13,0,1,31.92
PROJ-KE-0852,Commercial,Uasin Gishu,NCA 4,160329307.33,1046,6,11,0,1,16.77
PROJ-KE-0853,Commercial,Murang'a,NCA 4,191959277.25,102,3,9,0,0,2.31
PROJ-KE-0854,Residential,Kakamega,NCA 1,274005222.15,875,7,12,0,0,2.69
PROJ-KE-0855,Civil Works,Machakos,NCA 2,263081433.59,187,5,12,0,0,0.0
PROJ-KE-0856,Civil Works,Kiambu,NCA 2,20938035.49,415,7,13,7,0,0.0
PROJ-KE-0857,Residential,Kilifi,NCA 3,39698675.46,811,1,3,102,1,39.55
PROJ-KE-0858,Infrastructure,Kisumu,NCA 1,58059360.95,473,4,10,53,0,1.6
PROJ-KE-0859,Industrial,Bungoma,NCA 4,68358269.94,749,1,15,0,1,37.26
PROJ-KE-0860,Residential,Meru,NCA 5,139894831.11,440,1,6,0,1,34.92
PROJ-KE-0861,Infrastructure,Kilifi,NCA 5,81661561.08,983,8,9,61,1,31.88
PROJ-KE-0862,Commercial,Laikipia,NCA 1,197657580.04,234,1,6,80,1,31.11
PROJ-KE-0863,Infrastructure,Uasin Gishu,NCA 1,592752134.64,408,5,5,59,1,16.72
PROJ-KE-0864,Commercial,Meru,NCA 3,238125480.44,973,15,15,51,1,23.24
PROJ-KE-0865,Commercial,Bungoma,NCA 2,40276656.26,249,15,15,53,1,24.4
PROJ-KE-0866,Commercial,Meru,NCA 3,327941474.57,353,7,9,41,1,21.48
PROJ-KE-0867,Residential,Kisumu,NCA 2,91017839.15,1028,0,6,69,0,1.02
PROJ-KE-0868,Residential,Kericho,NCA 7,34169721.55,1083,5,14,44,1,22.89
PROJ-KE-0869,Commercial,Nakuru,NCA 2,31373259.45,669,1,5,0,1,29.8
PROJ-KE-0870,Commercial,Laikipia,NCA 4,62524319.08,467,0,14,0,1,13.0
PROJ-KE-0871,Commercial,Kakamega,NCA 4,45262173.24,782,1,3,63,1,19.46
PROJ-KE-0872,Residential,Machakos,NCA 1,85799916.86,879,3,4,80,1,43.03
PROJ-KE-0873,Industrial,Machakos,NCA 5,99988314.69,348,4,14,0,0,0.55
PROJ-KE-0874,Residential,Kericho,NCA 5,931896875.17,201,9,13,0,0,0.73
PROJ-KE-0875,Infrastructure,Murang'a,NCA 4,188047863.22,96,3,5,13,1,20.06
PROJ-KE-0876,Commercial,Kericho,NCA 1,31503949.01,473,5,5,67,1,26.57
PROJ-KE-0877,Infrastructure,Machakos,NCA 1,1547281175.28,857,1,5,120,1,47.13
PROJ-KE-0878,Commercial,Machakos,NCA 1,42540952.47,177,1,9,48,1,25.81
PROJ-KE-0879,Infrastructure,Nairobi,NCA 1,127380719.31,859,0,3,71,1,29.26
PROJ-KE-0880,Civil Works,Kajiado,NCA 7,35150510.38,574,10,15,0,0,3.14
PROJ-KE-0881,Commercial,Nyeri,NCA 5,566115095.88,477,0,12,0,0,3.1
PROJ-KE-0882,Commercial,Murang'a,NCA 4,22843726.69,999,0,5,0,1,28.08
PROJ-KE-0883,Infrastructure,Kakamega,NCA 3,53095758.74,792,13,13,0,0,1.7
PROJ-KE-0884,Civil Works,Nyeri,NCA 1,85628809.26,916,5,14,0,0,1.38
PROJ-KE-0885,Infrastructure,Kisumu,NCA 2,427786528.67,1051,10,10,0,1,14.7
PROJ-KE-0886,Commercial,Kiambu,NCA 6,36176747.06,987,12,12,0,1,31.3
PROJ-KE-0887,Commercial,Bungoma,NCA 1,106293645.44,546,3,4,0,0,2.23
PROJ-KE-0888,Infrastructure,Kisumu,NCA 1,144964665.51,1041,6,8,0,0,1.41
PROJ-KE-0889,Residential,Nakuru,NCA 4,269011970.01,1034,10,11,0,1,33.77
PROJ-KE-0890,Industrial,Kisumu,NCA 4,291578364.32,476,11,14,0,0,2.66
PROJ-KE-0891,Residential,Kericho,NCA 5,119453109.09,179,0,4,80,1,43.93
PROJ-KE-0892,Infrastructure,Nakuru,NCA 3,223412244.93,479,11,12,12,0,0.38
PROJ-KE-0893,Residential,Kericho,NCA 2,71307053.55,463,4,15,0,0,0.57
PROJ-KE-0894,Residential,Bungoma,NCA 2,162568597.23,314,10,10,0,0,0.52
PROJ-KE-0895,Infrastructure,Mombasa,NCA 3,72486280.88,406,11,11,113,1,43.65
PROJ-KE-0896,Residential,Murang'a,NCA 1,28973362.02,919,2,8,0,0,3.56
PROJ-KE-0897,Infrastructure,Mombasa,NCA 6,159145760.01,834,4,9,0,0,0.0
PROJ-KE-0898,Civil Works,Murang'a,NCA 2,15209725.17,784,5,10,0,0,2.36
PROJ-KE-0899,Commercial,Uasin Gishu,NCA 4,64456236.7,421,1,15,0,0,0.78
PROJ-KE-0900,Commercial,Kiambu,NCA 2,29959186.88,584,2,7,107,1,16.0
PROJ-KE-0901,Infrastructure,Nakuru,NCA 4,15302506.8,969,3,5,0,0,2.47
PROJ-KE-0902,Industrial,Nakuru,NCA 2,6249986.98,210,10,11,60,1,43.0
PROJ-KE-0903,Residential,Murang'a,NCA 1,262439225.41,399,9,14,0,0,0.37
PROJ-KE-0904,Infrastructure,Kisumu,NCA 5,41711027.98,975,6,13,88,1,17.65
PROJ-KE-0905,Commercial,Kilifi,NCA 1,115176122.26,676,7,12,100,1,27.67
PROJ-KE-0906,Civil Works,Kericho,NCA 2,266401905.34,218,2,4,115,1,43.32
PROJ-KE-0907,Commercial,Laikipia,NCA 1,51829003.04,947,8,12,0,0,0.45
PROJ-KE-0908,Infrastructure,Nakuru,NCA 1,58585847.61,658,5,10,21,0,0.0
PROJ-KE-0909,Commercial,Kajiado,NCA 6,48981811.4,125,0,4,0,0,2.62
PROJ-KE-0910,Residential,Nairobi,NCA 1,1738676308.55,1016,9,15,0,0,0.0
PROJ-KE-0911,Infrastructure,Kakamega,NCA 4,184657556.71,612,5,6,109,1,20.58
PROJ-KE-0912,Industrial,Uasin Gishu,NCA 7,118576739.86,706,3,11,0,1,18.93
PROJ-KE-0913,Residential,Kajiado,NCA 2,731609142.96,1015,3,5,0,1,36.03
PROJ-KE-0914,Commercial,Uasin Gishu,NCA 1,58616228.84,840,3,7,0,0,0.36
PROJ-KE-0915,Residential,Machakos,NCA 2,918112084.44,534,0,9,0,1,13.17
PROJ-KE-0916,Commercial,Nakuru,NCA 4,44283623.86,181,5,8,0,0,2.83
PROJ-KE-0917,Commercial,Nakuru,NCA 2,596794188.22,1082,3,6,0,0,0.45
PROJ-KE-0918,Residential,Meru,NCA 3,130628785.83,447,9,14,0,0,0.0
PROJ-KE-0919,Industrial,Machakos,NCA 2,64216723.05,859,2,9,99,1,33.11
PROJ-KE-0920,Industrial,Murang'a,NCA 3,16158158.56,220,0,7,0,0,0.0
PROJ-KE-0921,Commercial,Kajiado,NCA 1,65656117.87,814,7,15,0,0,0.0
PROJ-KE-0922,Residential,Kakamega,NCA 5,207871943.46,604,4,7,0,0,0.89
PROJ-KE-0923,Industrial,Kilifi,NCA 2,672998054.87,506,10,15,0,0,0.8
PROJ-KE-0924,Commercial,Kisumu,NCA 1,75606736.78,148,2,4,0,0,1.34
PROJ-KE-0925,Civil Works,Kericho,NCA 4,195734032.03,599,10,11,0,0,2.97
PROJ-KE-0926,Residential,Uasin Gishu,NCA 6,32584740.92,853,3,3,0,1,29.39
PROJ-KE-0927,Civil Works,Mombasa,NCA 4,44100557.8,1077,5,5,0,1,10.77
PROJ-KE-0928,Residential,Kiambu,NCA 3,8144919.06,1065,3,3,0,1,16.15
PROJ-KE-0929,Infrastructure,Nakuru,NCA 2,1755199263.78,584,4,7,99,1,45.36
PROJ-KE-0930,Industrial,Mombasa,NCA 7,44856028.97,1003,7,12,5,1,17.18
PROJ-KE-0931,Commercial,Machakos,NCA 2,53171145.62,99,3,4,0,0,2.12
PROJ-KE-0932,Commercial,Nakuru,NCA 6,844054364.81,346,3,6,43,1,21.33
PROJ-KE-0933,Industrial,Kajiado,NCA 1,12915989.54,255,2,5,0,0,4.31
PROJ-KE-0934,Infrastructure,Nakuru,NCA 1,118548535.82,131,3,5,47,1,16.27
PROJ-KE-0935,Residential,Kajiado,NCA 1,71602994.13,590,7,11,0,0,0.0
PROJ-KE-0936,Infrastructure,Murang'a,NCA 3,839369782.53,488,0,5,0,0,1.41
PROJ-KE-0937,Commercial,Nairobi,NCA 5,59363575.14,332,2,3,81,1,22.65
PROJ-KE-0938,Residential,Kericho,NCA 1,30190351.98,246,8,14,40,0,0.0
PROJ-KE-0939,Civil Works,Kilifi,NCA 4,31720877.44,891,3,15,0,1,21.58
PROJ-KE-0940,Commercial,Kiambu,NCA 1,135736339.94,286,3,5,30,0,1.61
PROJ-KE-0941,Residential,Meru,NCA 4,133535416.03,1093,1,6,66,1,13.3
PROJ-KE-0942,Commercial,Kakamega,NCA 2,174287757.94,449,6,14,119,1,18.62
PROJ-KE-0943,Infrastructure,Uasin Gishu,NCA 2,119888905.26,376,1,12,37,1,18.74
PROJ-KE-0944,Commercial,Nairobi,NCA 4,75232225.62,878,2,5,108,1,33.25
PROJ-KE-0945,Residential,Kajiado,NCA 1,533254752.04,483,0,4,100,1,46.95
PROJ-KE-0946,Industrial,Uasin Gishu,NCA 1,87976226.83,546,0,4,0,0,0.34
PROJ-KE-0947,Residential,Uasin Gishu,NCA 3,154714578.73,518,11,11,117,1,41.76
PROJ-KE-0948,Infrastructure,Kakamega,NCA 6,17743169.29,1022,1,9,0,1,22.28
PROJ-KE-0949,Civil Works,Nairobi,NCA 1,67336266.36,386,0,3,0,0,0.35
PROJ-KE-0950,Residential,Kisumu,NCA 1,17021066.22,858,6,11,0,0,2.5
PROJ-KE-0951,Commercial,Nairobi,NCA 1,157100000.45,990,14,15,0,1,28.78
PROJ-KE-0952,Commercial,Kilifi,NCA 2,100921641.72,319,1,3,86,1,18.49
PROJ-KE-0953,Industrial,Kiambu,NCA 2,167164851.17,344,4,6,88,1,25.27
PROJ-KE-0954,Residential,Kakamega,NCA 2,1136182530.54,360,2,14,83,1,23.03
PROJ-KE-0955,Civil Works,Nairobi,NCA 5,196589325.96,270,0,7,0,1,37.3
PROJ-KE-0956,Infrastructure,Nakuru,NCA 4,36108494.85,353,10,13,0,0,1.64
PROJ-KE-0957,Commercial,Uasin Gishu,NCA 3,376980785.9,917,12,15,34,0,0.0
PROJ-KE-0958,Commercial,Laikipia,NCA 1,149113760.97,973,1,5,0,0,2.09
PROJ-KE-0959,Commercial,Meru,NCA 1,83157472.67,271,9,9,23,0,1.69
PROJ-KE-0960,Industrial,Murang'a,NCA 1,16099116.67,917,0,3,7,0,1.39
PROJ-KE-0961,Infrastructure,Mombasa,NCA 1,122840011.17,878,2,4,85,0,0.0
PROJ-KE-0962,Commercial,Nakuru,NCA 3,287482984.31,177,1,6,0,0,0.0
PROJ-KE-0963,Commercial,Nyeri,NCA 3,65629437.92,339,2,3,0,0,3.16
PROJ-KE-0964,Commercial,Meru,NCA 1,277133251.41,91,0,6,54,1,15.26
PROJ-KE-0965,Infrastructure,Kilifi,NCA 6,52049712.53,822,3,4,19,0,1.8
PROJ-KE-0966,Commercial,Kisumu,NCA 4,2101697852.72,211,1,8,0,0,0.63
PROJ-KE-0967,Residential,Machakos,NCA 4,307629269.29,398,4,12,18,1,15.75
PROJ-KE-0968,Residential,Kakamega,NCA 7,218933968.7,168,0,15,0,0,3.78
PROJ-KE-0969,Commercial,Kiambu,NCA 2,81316274.25,828,15,15,0,0,2.23
PROJ-KE-0970,Infrastructure,Kiambu,NCA 1,231463619.89,484,5,8,0,0,0.0
PROJ-KE-0971,Residential,Nyeri,NCA 1,157986609.04,1056,3,13,75,0,1.23
PROJ-KE-0972,Residential,Kilifi,NCA 2,36139360.03,681,7,15,0,0,1.21
PROJ-KE-0973,Civil Works,Nairobi,NCA 2,118512103.89,575,0,5,49,0,3.44
PROJ-KE-0974,Infrastructure,Kiambu,NCA 2,461995175.73,1085,3,9,33,1,10.14
PROJ-KE-0975,Commercial,Kiambu,NCA 2,2317205115.32,470,0,3,0,0,3.76
PROJ-KE-0976,Industrial,Nairobi,NCA 1,301013961.16,234,1,4,77,1,37.96
PROJ-KE-0977,Residential,Kiambu,NCA 4,36489817.94,805,7,7,48,0,1.94
PROJ-KE-0978,Commercial,Nakuru,NCA 1,135575997.48,859,4,5,55,0,2.32
PROJ-KE-0979,Industrial,Kajiado,NCA 6,22469949.21,603,3,7,25,1,19.96
PROJ-KE-0980,Civil Works,Uasin Gishu,NCA 2,182465436.24,147,3,6,100,1,17.55
PROJ-KE-0981,Infrastructure,Laikipia,NCA 2,84658577.19,747,6,9,107,1,24.61
PROJ-KE-0982,Commercial,Kakamega,NCA 4,269235391.01,956,0,8,25,1,27.2
PROJ-KE-0983,Infrastructure,Meru,NCA 1,96601666.3,296,0,13,15,0,0.92
PROJ-KE-0984,Residential,Laikipia,NCA 1,34775962.65,98,4,8,0,0,0.0
PROJ-KE-0985,Residential,Kakamega,NCA 8,108101831.67,809,1,13,119,1,43.55
PROJ-KE-0986,Commercial,Murang'a,NCA 3,62273054.58,979,2,3,92,0,1.92
PROJ-KE-0987,Commercial,Kilifi,NCA 6,200820674.03,877,2,14,0,0,0.0
PROJ-KE-0988,Residential,Nyeri,NCA 2,104208751.97,224,4,8,114,1,39.92
PROJ-KE-0989,Infrastructure,Kilifi,NCA 1,95442939.49,715,1,12,0,0,0.0
PROJ-KE-0990,Commercial,Nairobi,NCA 1,305398622.17,1082,2,15,0,0,0.32
PROJ-KE-0991,Commercial,Kisumu,NCA 2,132890573.73,462,1,8,95,1,30.12
PROJ-KE-0992,Commercial,Bungoma,NCA 4,43222318.46,233,4,4,0,0,2.13
PROJ-KE-0993,Residential,Kiambu,NCA 2,20282955.49,411,1,8,0,0,0.03
PROJ-KE-0994,Industrial,Mombasa,NCA 4,104533509.01,749,1,3,0,0,0.88
PROJ-KE-0995,Commercial,Murang'a,NCA 1,74276214.01,487,10,10,64,1,26.86
PROJ-KE-0996,Residential,Bungoma,NCA 1,138143138.91,1072,6,9,47,1,11.83
PROJ-KE-0997,Commercial,Laikipia,NCA 1,104807529.28,555,1,3,0,0,1.83
PROJ-KE-0998,Residential,Murang'a,NCA 1,209186143.6,917,6,8,0,0,2.21
PROJ-KE-0999,Commercial,Kericho,NCA 2,77830551.18,160,6,7,116,1,40.1
PROJ-KE-1000,Industrial,Uasin Gishu,NCA 4,94665783.54,184,5,9,0,0,0.91
